p_name,author,p_year,abstract
몽골인 학문 목적 한국어 학습자의 논증적 글쓰기 텍스트 분석과 교육 방안,BATJARGAL ENKHTUYA,2017,"본 연구는 몽골인 한국어 학습자가 작성한 논증적 글을 분석하고 교육 방안을 제시하는 데 목적을 두고 있다. 몽골 현지에서 학문 목적 한국어 학습자들을 대상으로 이루어지는 연구와 교육 상황, 학습자들의 요구 변화, 한국어능력시험에 요구되는 정책적 수요 등을 고려해 보았을 때, 논설문 쓰기 등의 논증적 글쓰기 능력은 한국어를 전공하는 학습자들이 반드시 갖추어야 할 능력이다. 텍스트에 대한 배경 지식이 부족한 학생들에게 설명문이나 논설문 등의 쓰기는 큰 부담이 된다. 논증적 글쓰기의 가장 전형적인 장르인 논설문은 상대방을 설득하는 것을 목적으로 하는 글로서 주장에 대한 타당한 이유와 근거가 제시되어야 하며, 글의 앞뒤가 논리적인 이치에 맞아야 한다. 이러한 논증적 글쓰기 교육이 제대로 이루어지면 학생들이 올바른 정보를 판단하는 능력, 필요한 정보들을 맥락에 따라 재구성할 수 있는 창의력, 그리고 비판적 분석력과 합리적인 사고력을 기를 수 있을 것이다. 본 연구는 이러한 관점을 바탕으로 몽골인 한국어 학습자가 한국어와 몽골어로 작성한 논설문을 대상으로 이들의 논증적 글쓰기 능력을 확인하여 논증적 글쓰기 교육 방안을 제시하는 것을 목적으로 하였다. 본 연구의 구성과 내용은 다음과 같다.
Ⅰ장에서는 본 연구의 필요성과 목적을 밝히고 한국어 논증적 글쓰기에 관한 연구와 논증적 글쓰기 평가 기준에 관한 선행연구를 고찰하였다. 구체적으로 ‘한국어 논증적 글쓰기 교육’과 관련하여 어떠한 교수 - 학습 내용과 방법이 다루어져 왔는지, 그리고 평가 기준에 대한 논의를 다루었다. Ⅱ장에서는 본 연구의 이론적 배경을 제시하였다. 본 연구의 방향과 분석의 틀을 설정하기 위해 논증 구조, 논증 도식, 논증 표지에 대한 논의와 이론을 알아보았다. 먼저 텍스트 구조 즉, 텍스트의 최상위구조, 거시구조, 미시구조에 대한 논의를 정리한 후, 이러한 텍스트 구조에 대하여 한국어 교육에서 다루는 논의를 기술하였다. 그리고 비형식 논증 모델에 대한 논의를 고찰한 후, 논증 표지와 논증 도식의 기능과 분류에 대한 논의를 살펴보았다. Ⅲ장에서는 연구문제를 해결하기 위한 연구 방법을 고찰하였다. 연구 절차, 연구 참가자, 예비 실험과 본 실험, 자료 수집 방법과 분석틀로 이루어졌다. 본 실험은 몽골 현지 한국어학과 3, 4 학년 학생들이 한국어로 작성한 20개의 글과 몽골어로 작성한 20개의 글을 비교 분석하였다. 한국어 텍스트는‘대학교는 꼭 가야하는가?’, 몽골어 텍스트는 ‘성형은 미래에 대한 투자인가?’인데, 서로 다른 주제로 작성한 논설문을 비교 분석한 이유는 동일한 주제로 작성 시 다양한 배경 지식을 활용하거나 아이디어를 잘 생각해 내려는 노력 없이 단순히 번역 작업을 할 우려가 있다고 판단하였기 때문이다. Ⅳ장에서는 몽골인 한국어 학습자가 한국어와 몽골어로 작성한 텍스트의 van Dijk(1978)에서 제시한 최상위구조, 거시구조, 미시구조를 분석한 결과를 다루었다. 최상위구조는 학습자가 한국어와 몽골어로 작성한 글을 Williams와 Colomb(2007)의 논증 구조 모형에 적용시켜 분석한 결과,‘서론-본론-결론’의 틀을 갖춘 글은 1편에 불과하였다. 거시구조에서는 단락 구성, 담화표지 사용, 논증 도식 사용, 그리고 학습자가 작성한 글이 설득력 있는지 없는지 분석한다. 글의 설득력 여부는 Damer(2001)가 ARSr(Acceptability, Relevance, Sufficiency, refutation)로 추가 발전시킨 Kohane(1971)의 삼각형 모형ARS(Acceptability, Relevance, Sufficiency)을 최승기와 최훈(2008)이 제시한 순서인 RASr(Relevance, Acceptability, Sufficiency, refutation)에 적용시켜 분석하였다. 단락 구성에 있어서 학습자가 형식 단락에 대한 개념뿐만 아니라 내용에 따른 단락 구분에 대한 개념도 부족한 것으로 나타났다. 그리고 논증 표지 사용에 있어서 글을 마무리하거나 앞의 내용에서 자신의 판단이나 결론을 도출하는 데 중요한 역할을 하는 표지에 대한 지식이 부족한 것으로 나타났다. 또한 논증 도식에 대한 오용 때문에 적절하게 사용하지 못한 경우가 많았다. RASr 모형 적용 결과, 학습자가 제시한 근거가 주장을 뒷받침해 주지 못하고, 논점에서 벗어나거나, 성급하게 일반화시키거나, 도출된 결론은 전제와 관련성이 없는 예들이 나타났다. 미시구조에서는 문장과 문장 간의 연결을 중심으로 미시적
차원에서 논증 표지 사용을 살펴보았는데, 학습자가 적절하지 않은 표지를 사용하거나 논증 표지의 사용이 가리키는 대상이 무엇인지, 어떤 문장과 호응하는지가 잘 드러나지 않은 경우가 있었다. 그리고 문체에 있어서 논설문에 적합지 않은 표현이 빈번하였다. Ⅴ장에서는 Ⅳ장에서 분석한 결과를 바탕으로 몽골인 한국어 학습자들을 위한 논증적 글쓰기 교육 방안을 제시하였다. 학습자가 작성한 텍스트에서 나타나는 문제점과 특성을 고려하여 몽골인 학습자를 위한 논증적 글쓰기 교육이 통합적으로 이루어져야 함을 제안하였다. 여기서 말하는 논증적 글쓰기의 통합적 교육이란 장르 지식을 기반으로 한 쓰기 교육, 과정을 중심으로 한 쓰기교육 그리고 독자와의 상호작용을 중심으로 하는 쓰기 교육의 통합적인 모형을 말한다. 본 연구는 몽골인 한국어 학습자가 작성한 텍스트에 대한 분석을 체계적으로 시도한 점에서 의의가 있다. 무엇보다 Ⅴ장에서 제안한 교육 방안을 통해 학습자들의 논증적 글쓰
기 능력이 향상될 것으로 기대된다.문제중심학습"
몽골의 초?중등 교육재정 공평성 분석,G.Ulziisaikhan,2013,"이 연구는 몽골의 초?중등 학생 1인당 교육비의 수직적 공평성을 아이막?시 수준에서 분석하였다. 이를 위하여 교육재정 배분 포뮬러가 변경된 시점인 2008년을 기준으로 하여 2007년과 2011년도 결산자료를 활용하여 첫째, 현재의 재정 배분의 공평성은 어떠한지, 둘째, 현재의 재정배분의 공평성이 과거에 비하여 어느 정도 개선되었는지 알아보고자 하였다. 분석을 위하여 가중학생수를 두 가지로 산정하였다. 첫째, 학교위치, 학년군, 학교유형을 반영한 가중학생, 둘째, 학교위치, 학년군, 학교유형을 반영한 가중학생수에 더하여 기숙사생에 대한 가중학생수를 산정하여 가중학생 1인당 교육비 공평성을 분석하였다. 분석결과 첫째, 2007년도에 가중학생 1인당 세출총액, 인건비나 운영비의 경우 공평하지 않게 나타났지만, 학생 1인당 인건비는 공평성의 준거에 가깝게 나타났다. 둘째, 2011년도에 학생 1인당 결산총액과 인건비는 공평하게 배분된 것으로 나타난 반면에 가중학생 1인당 운영비와 공공요금은 공평하지 않은 것으로 나타났다. 가중학생수의 산정에 따른 공평성을 보면 학교위치와 학교유형, 학년군 및 기숙사생을 반영한 경우 공평한 것으로 분석되었다. 셋째, 아이막?시 수준에서 교육재정 배분이 2007년도보다 2011년도에 공평하게 이루어진 것으로 분석되었다.문제중심학습"
몽골의 교육 및 대학입학제도와 정책적 시사점,"NATSAGBADAM NARANTSETSEG, 주동범, GANBAATAR ZOLZAYA",2019,"〔연구목적〕본 연구의 목적은 몽골의 교육 및 대학입학제도를 살펴보고 그 정책적 시사점을 제시하는 것이다.
〔연구방법〕몽골에 대한 선행연구, 관련자료, 웹사이트 자료 등을 수집?분석하였다.
〔연구결과〕첫째, 몽골의 교육 및 대학입학제도의 변천은 정치적 변천과 매우 관련이 깊다. 둘째, 몽골의 교육 담당 중앙 부처는 1924년 교육부이었으나 현재는 교육?문화?과학?체육부이다. 이 부처는 몽골의 교육관련 법률, 교육의 기본방향, 교육기본규칙, 평가 및 감독 등에 관한 권한을 가지고 있으므로 몽골의 교육은 중앙집권적인 성격이 강하다. 셋째, 몽골의 교육제도 변천은 크게 3단계(근대 학교의 태동, 사회주의 교육체제의 발달, 시장경제 교육체제)로 나누어 볼 수 있다. 넷째, 몽골의 대학입학제도 변천은 1940년 이후 크게 6단계(사회주의 체제 하의 대학입학제도, 대학별 입학시험제도, 지역할당제도, 고등학교 선발제도와 지역할당제도 병행제, 민주화 이후의 대학입학제도, 현재)로 나눌 수 있다.
〔결론〕주요 결과에 대한 논의 및 교육정책적 시사점 등이 제시되었다.문제중심학습"
몽골의 초?중등 학교교육비 배분 모델 연구,Galindev Ulziisaikhan,2013,"이 연구는 몽골의 학교재정 데이터를 활용한 실증적 분석을 통해 학교교육비 배분 모델을 제시하는 데 목적을 두고 수행되었다. 이러한 목적을 달성하기 위한 구체적인 연구문제로는 첫째, 몽골의 초 ? 중등 학교교육비 배분 실태는 어떠한가, 둘째, 몽골의 초 ? 중등 학교 교육비 배분 모델은 어떠한가, 셋째, 이 연구에서 도출된 학교교육비 배분 모델의 적용 가능성이 어떠한가로 설정되었다. 연구 목적을 수행하기 위하여 연구 방법으로는 문헌고찰과 계량경제학적 통계기법을 활용하였다. 학교교육비, 몽골의 교육제도, 교육재정과 학교회계제도 등과 관련된 문헌고찰을 하였다. 학교재정 실태를 분석하기 위하여 정부규정에 의한 배정예산을 산출하여 세출결산 자료와 비교하였다. 그리고 몽골의 초 ? 중등학교 학교교육비 배분 모델의 이론적 모형을 설정하여 계량경제학분석을 활용하여 학교교육비 배분 모델을 도출하였다. 이 연구의 대상은 몽골의 공립 초 ? 중등학교로 한정하고 분석 자료는 학교회계 세출결산 자료와 학교통계정보를 활용하였다. 362개 학교의 자료를 분석하였다. 결산자료는 2009-2011 년, 학교통계자료는 2008-2011년 학년도의 자료이다. 연구의 범위를 2009-2011 년으로 한정한 것은 2008년에 교육과학부가 개발한 포뮬러가 적용된 연도이기 때문이다. 연구의 결과를 요약하면 다음과 같다. 첫째, 2009년에 이 연구의 대상인 초등학교의 경우 1억7천만 투그릭, 9년제 통합학교의 경우 27억2천만 투그릭, 11년제 통합학교의 경우 181억 3천만 투그릭의 추경예산이 발생한 것으로 나타났다. 2009년도 예산 조정의 특징은 운영비에 지출될 경비를 인건비로 지출했음에도 불구하고 인건비에 추경예산이 다시 이루어졌다는 점이다. 2010년의 경우 초등학교는 5억4천만 투그릭, 9년제 통합학교는 42억1천만 투그릭, 11년제 통합 학교는 438억7천만 투그릭의 추경예산이 발생한 것으로 나타났다. 2011년에 초등학교는 7억9천만 투그릭, 9년제 통합학교는 56억3천만 투그릭, 11년제 통합학교는 470억2천만 투그릭의 예산 조정이 이루어진 것으로 나타났다. 2011년도 학생수에 따른 학교교육비의 규모를 파악한 결과 학생수의 증가는 곧 교육비의 증가를 초래하는 통상적인 경향을 보였다. 이러한 경향은 모든 학교유형에서 비슷하게 나타났다. 2011년도 학생1인당 배정예산액과 학생1인당 세출결산액을 비교한 결과 모든 학교유형에서 학생수가 많을수록 학생1인당 배정예산액과 결산액의 격차가 줄어드는 것으로 나타났다. 둘째, 학교교육비 배분 모델을 도출한 결과, 공립 초등학교의 인건비는 교원수와 교직원수에 의해 설명되었다. 운영비는 학생수, 기숙사생수 건물면적에 의해 설명되었다. 9년제 통합학교의 인건비는 교원수와 직원수, 등급교원 비율에 의해，운영비는 종학생수，중등학생 비율，기숙사생수, 그리고 건물면적에 의해 설명되었다. 11년제 통합학교의 인건비는 교원수, 직원수와 등급교원 비율에 의해, 운영비는 총학생수, 중등학생 비율, 기숙사생수, 학교 건물면적, 소재지에 의해 결정된 것으로 나타났다. 셋째, 이 연구에서 도출된 학교교육비 배분 모델의 적용 가능성을 검증하기 위해 각 단위학교에 모델을 적용하여 추정해 본 모델 배분액과 2011년도 실제 배분액인 학교회계 세출결산액과 비교하였다. 비교한 결과, 연구 도출 모델액은 세출결산액과 0.1?2.0%의 차이를 보이고 있었다. 이러한 차이는 오차 범위 내에 있기 때문에 도출된 모델의 적용이 가능한 것으로 판단된다. 연구의 결론은 다음과 같다. 첫째, 몽골의 공립 초 ? 중등학교의 학교교육비를 배분하는 현재의 포물러는 그 기능을 못 하고 있다. 즉, 학교교육비를 배분하는 현재의 포물러는 학교규모가 클수록 유리하고 학교규모가 작을수록 불리한 것으로 나타났다. 이것은 작은 규모의 학교들의 규모를 보장할 수 있는 재정 배분 방법의 필요성이 있음을 확인시켜주었다. 둘째, 공립학교 학교교육비 중 인건비는 교직원수와 등급교원 비율로 표준화하여 배분할 수 있다. 그러나 교원수와 교직원수를 학생수나 학급수, 학생특성으로 표준화시켜 교직원수의 증가를 통제할 필요가 있다. 이것은 몽골의 교직원 인사권이 학교장에게 위임되었기 때문이다. 몽골의 경우 등급교원 비율이 인건비를 결정하는 중요한 요인으로 확인되었다. 셋째, 공립학교 학교교육비 운영비는 초등학교의 경우 학생수와 기숙사생수, 건물면적, 9년제 통합학교의 경우 총학생수, 중등학생 비율, 기숙사생수, 건물면적, 11년제 통합학교의 경우 총학생수, 중등학생 비율, 기숙사생수, 건물면적, 학교 소재지에 의해 결정된다. 몽골의 경우 기숙사생이 운영비를 결정하는 중요한 학생특성으로 확인되었다. 학생특성 변인 중에 특수교육학생수가 학교교육비를 결정하지 못하는 것으로 나타났는데 이것은 다른 선행연구들의 결과에 비하면 상반된 결과이며 현재 학교 상황에서 특별교육을 실시하는 환경이 마련되지 못한 현실을 반영한 결과라고 볼 수 있다. 때문에 특수학생에 대한 추가지원을 모색할 필요가 있다. 이중언어 학생수는 교원수의 증가를 유발함으로써 학교교육비 중 인건비 규모를 증가시키는 요인으로 나타났다. 이 연구는 몽골의 초 ? 중등 학교교육비 배분 모델을 도출하기 위하여 시도를 하였으나 특정연도 자료를 분석한 점, 표집 학교들의 특성만 자료화된 점, 학교의 신축 및 시설투자비용, 저소득층 학생 지원을 포함시키지 못한 점 등 한계를 보완할 수 있는 후속 연구가 필요하다.문제중심학습"
몽골 전통예술 교육의 현황과 문제점-중고교 전통예술 교육을 중심으로,B. Norovnyam,2013,"이 글은 몽골 전통예술 교육의 현황을 살피고, 그 성과와 문제점에 대해 논의하는 것을 목적으로 한다. 이는 구체적으로는 중, 고교에서의 전통예술 교육에 대한 것이다. 이를 위해 우선, 몽골의 국내외 정치적 상황을 반영한 전통예술교육의 역사적 전개 양상을 살펴보았다. 몽골은 1911년 중국에서 독립한 후, 1921년 이루어진 인민혁명을 통해 정치적인 변혁을 겪었다. 몽골 정부는 문화, 예술 분야를 통해 사회주의 체재를 공고히 하고자 했다. 따라서 국외의 사회주의 국가와의 교류를 통해 문화, 예술 교육 프로그램을 만들고, 이를 지속적으로 지원했다. 그러나 몽골은 1990년 이후 또 한 번의 정치적인 변화를 겪었다. 즉, 몽골은 약 70년간의 사회주의 체재를 뒤로한 채, 민주주의 체재를 받아들였다. 따라서 사회주의체재 아래에서 이루어지던 국가주도의 적극적인 문화, 예술 교육 분야는 위축되었다. 본고에서는 이상과 같은 역사적, 정치적 맥락에서 몽골의 문화예술 교육의 현황과 문제점을 살펴볼 것이다. 그리고 특히 관심을 가지고 논의하고자 하는 것은 중, 고등학교에서의 전통예술교육에 관한 것이다.문제중심학습"
학습 환경에 따른 몽골인 한국어 학습자의 요청 화행 연구,"TSEDENJAV, BAYARMAA",2016,"본 연구는 몽골인 한국어 학습자의 한국어 요청 화행(requests) 전략 양상을 고찰하는 데 목적을 두었다. 이를 위하여 몽골인 학습자는 학습 환경 요인에 따른 두 집단으로 설정하였다. 다시 말하면 몽골에서 한국어를 배우는 학습자(KFL)하고 한국에서 한국어를 배우는 학습자(KSL) 간의 한국어 요청 화행 전략 양상에서 나타나는 유사점과 차이점을 밝혀 그것을 한국인과 몽골인 모국어 화자와 비교함으로써 학습 환경이 학습자의 화행 전략에 어떠한 영향을 미치는지를 분석하고자 하였다. 그간의 한국어 학습자의 중간언어 화용론(interlanguage pragmatic)에 관한 연구들은 영어권, 중국어권, 일본어권 학습자를 주로 대상으로 한 것에 비하여 몽골인 한국어 학습자는 비교적 많은 관심을 받지 못한 편이다. 또한 몽골에서 한국어를 배우는 학습자의 한국어 화용 습득과 인식 또는 전략에 관한 연구가 아직 없다. 이에 본 연구는 한국인과 몽골인 모국어 화자의 요청 전략을 고찰한 후, 서로 상이한 학습 환경에 노출되어 있는 몽골인 학습자 두 집단의 전략을 분석하면서 몽골인 학습자 두 집단의 전략이 그들과 비교하였을 때 어떤 차이가 있고, 그 차이점이 어떠한 양
상으로 실현되는지를 밝히고자 하였다. 이를 위하여 선행연구 및 요청 상황 적절성 조사를 통하여 설정한 12가지 상황에서 타난 실현된 네 집단의 요청 화행 응답을 본 요청과 보조 요청 전략으로 구분하여 분석하였으며, SPSS18.0을 활용하여 그 차이점이 통계적으로 유의한지를 검증하였다. 본 연구의 구성은 다음과 같다. Ⅰ장에서는 연구의 목적을 제시한 후 선행연구를 검토하였다. 요청 화행하고 학습 환경, 한국어 또는 몽골어 요청 화행 전략에 관한 선행연구를 비판하면서 본 연구의 필요성을 도출하고자 하였다. 한국어 학습자의 화행 전략 양상을 밝힌 연구가 활발히 이루어졌음에도 불구하고 몽골인 한국어 학습자를 대상으로 한 연구가 매우 미흡하며, 특히 몽골에서 한국어를 학습하는 학습자의 화용론 능력에 관한 연구는 아직 없는 것으로 확인되었다. 본 장의 마지막으로 본 연구의 연구문제를 설정하여 그에 관한 근거를 밝혔다. Ⅱ장에서는 본 연구의 이론적 배경을 고찰하였다. 먼저 화행 이론과 요청 화행 정의 및 특징을 살피면서 본 연구의 요청 화행 정의와 범주를 제시하였다. 그리고 학습 환경 요인에 관하여 한국어가 외국어 또는 제2언어로서의 특징을 밝혔다. 이어서 한국어와 몽골어 요청 화행 전략의 특징을 밝힘으로써 두 언어 간의 차이를 알아보았다. 그간의 한국어 학습자의 요청 화행 전략 양상을 살핀 연구들이 학습자에 언어 전략에 나타나는 모국어의 영향을 분석하기 위하여 모국어 화자의 전략 양상을 많이 다루었다. 그러나 모국어 화자의 전략 양상 분석 유형을 자세히 제시하지 않아 정확한 모국어 영향 고찰이 이루어지지 않았다. 따라서 연구 결과에서도 한국인 모국어 화자와의 차이점을 밝혔으나 모국어로서의 영향에 관한 구체적인 분석을 하지 못 한 바 있다. 이에 본 연구는 몽골인 모국어 화자의 요청 전략 양상을 자세히 다루고 학습자의 전략 양상에 나타나는 모국어의 구체적인 영향을 제시하고자 하였다. Ⅲ장에서는 연구 방법에 대하여 자세히 기술하였다. 연구절차 및 자료 수집 도구, 피험자 정보, 본 요청과 보조 요청 전략 분석 유형을 자세히 소개하였다. 예비실험을 앞서 요청 상황의 실제성 여부를 확인하기 위하여 상황 적절성 조사를 실시하여 실제성이 없거나 낮은 상황을 삭제하거나 수정·보완하였다. 이러한 12개의 요청 상황으로 구성된 서면 DCT를 활용하여 예비실험을 실시하였다. 예비실험에서 발생한 집단별 문제점과 그에 관한 해결점을 밝힌 후 그를 토대로 본 실험을 실시하였다. 본 실험 결과와 요청 전략 양상을 밝힌 그간의 선행연구를 참고하여 본 연구의 요청 분석 유형을 도출하면서 거기에 해당되는 한국어 또는 몽골어 전략 표현을 구체적으로 정리하였다. 피험자들의 전략 유형을 코딩할 때 연구자 본인뿐 아니라 한국어 교육 전문하가와 몽골어교육 전문가의 논의를 거쳐 그 신뢰성 및 정확성을 높이고자 하였다.
Ⅳ장에서는 본 실험을 통하여 수집한 네 집단의 피험자들의 본 요청과 보조 요청 전략 양상을 한국인과 몽골인 모국어 화자 간의 차이, KFL과 KSL 집단 간의 요청 전략 차이를 고찰하면서 각 분석에서 나타난 피험자들의 특징을 질적으로 분석하였다. 또한 그 차이가 통계적으로 유의미한지를 카이스퀘어 검정을 통하여 검증하였다. 각 변인에 따른 집단 간의 차이를 밝히면서 이러한 사회적 변인이 요청 전략 양상에 어떠한 영향을 미치는지를 알아보았다. 분석 결과를 각 연구문제에 따라 정리하면 다음과 같다. 첫째, 연구문제1인 한국인과 몽골인 모국어 화자 간의 요청 전략 양상에 나타나는 특징은 한국인 모국어 화자는 본 요청 화행을 비교적 간접적은 전략으로 수행하되 가장 명시적이고 직설적인 명령형 전략을 매우 적극적으로 사용한 것이었다. 그 반면에 몽골인 모국어 화자는 한국어의‘-았/었/였으면 좋겠어요’에 해당되는 희망형 전략을 가장 선호하였다. 또한 명령형과 의무형을 제외한 나머지 직접적인 전략에서 MNS 집단이 가장 높은 빈도를 보여 준 것도 몽골어 요청 화행의 직접적인 전략 표현도‘guimaar baina, guij baina, guix gesen yum/yum baina, guix geel, guix l gej, guix sanaatai/bodoltoi' 등의 수행동사와‘guilt, guix ym, guilga, guivar, x?selt, x?sex yum' 등의 수행명사로 다양하게 이루어지는 것과 관계가 있는 것으로 나타났다. 간접적인 전략에서 KNS 집단은 화자가 청자의 의지 또는 의도를 묻는 의지형을, MNS 집단은 화자가 청자의 화행 수행 능력을 묻는 능력형을 선호하였고, 화자가 청자 스스로가 요청 화행 수행을 파악하도록 표현하는 추론형 전략을 KNS 집단이 빈번히 사용한 반면에 MNS 집단은 가장 낮은 빈도를 보여주었다. 둘째, 연구문제2인 KFL과 KSL 집단의 요청 전략에 나타나는 특징은 KFL과 KSL 집단은 본 요청 전략을 전체적으로 간접적인 표현보다 직접적인 표현을 조금 더 선호하였으나 그 수치가 높지 않았다. 그러나 KFL 집단은 직접적인 표현인 명령형과 의무형 전략을 나머지 세 집단 집단보다 훨씬 더 많이 사용하였으며, 특히 명령형 빈도는 MNS 집단의 빈도보다 2.3배가 높은 수치를 보였다. 따라서 KFL 집단은 KSL과 KNS 집단과 비교하였을 때 요청 화행 사용에서 직접적인 전략을 보다 선호한 것을 알 수 있었다. 그 반면에, KSL 집단은 직접적과 간접적 전략을 서로 비슷하게 사용하고 있으며, 직접적인 전략 중 명령형을 가장 선호하였다. 또한 KSL 집단은 KNS 집단과 마찬가지로 본요청 화행의 간접적인 전략 중‘-아/어 줄래?/주시겠어요?’와 같은 의지형을, KFL 집단은‘-아/어도 돼요?, -(으)면 안 될까요?’와 같은 허락형을 가장 선호하였다. 그러나 몽골인 학습자 두 집단 중 특히 KFL 집단이 허락형 전략을 KNS 집단이 주로 사용한‘-아/어도 돼요/될까요?’와 같은 양보 의미가 강한 문형보다‘-(으)면 돼요/될까요?’와 같은 조건 의미가 강한 문형을 보다 많이 사용하는 것으로 나타났으며, 이것은 몽골어의 요청 화행 전략의 대표적인 특징인‘-bal/val⁴zereg n?xc?lt b?tectei(-(으)면 와 같은 조건형으로 구성됨)’과 관계가 있는 것으로 본다. 따라서 한국에 체류하는 몽골인 학습자의 요청 전략 양상은 한국인 모국어 화자와 비슷한 반면, 몽골에 체류하는 몽골인 학습자는 보다 직설적이며 명시적인 양상을 보였다. 그러나 몽골인 학습자 집단 모두가 한국어 요청 화행을 실현하는 전략 표현에 있어서는 모국어인 몽골어의 영향을 적지 않게 받고 있음을 발견하였다. 그러나 요청의 보조 전략에 있어서는 두 집단 간의 차이는 그다지 크지 않은 것으로 나타났으며, 이것은 몽골인 학습자는 요청 화행을 실현할 때 익숙한 하나의 보조 전략을 사용하거나 아니면 잘 사용하지 않는 결과로 보인다.
마지막 Ⅴ장에서는 Ⅳ장에서 제시한 요청 전략 분석 결과를 종합하면서 정리하였다. 또한 본 연구가 가지는 의의와 제한점을 제시하였다. 지금까지 한국어 학습자의 요청 화행 전략 양상을 살핀 연구가 활발히 이루어졌으나 몽골인 학습자를 대상으로 한 연구는 매우 미흡하다. 또한 몽골에서 한국어 학습하는 학습자의 화용론적 능력을 분석한 논의가 아직 없는 것으로 확인되어 몽골인 한국어 학습자의 화용론 연구가 절실한 것으로 확인되었다. 이에 본 연구는 서로 상이한 학습 환경에 노출되어 있는 몽골인 학습자의 요청 화행 전략을 살핌으로써 몽골인 한국어 학습자뿐만 아니라 몽골어 또는 몽골어를 학습하는 외국인 학습자의 화행 연구의 토대가 될 것으로 기대된다. 본 연구를 시작으로 몽골인 한국어 학습자의 화행뿐만 아니라 몽골에서의 외 국어 화용론 연구 더 나아가 몽골인을 위한 한국어 교육 현장에 교육 자료가될 수 있다는 면에서 그 의의가 클 것이다.문제중심학습"
"몽골인 학습자를 위한 한국어 조사 교육 연구 -‘이/가’, ‘은/는’, ‘을/를’을 중심으로-",U. Bolor-Erdene,2017,"본고는 몽골인 학습자의 조사 ‘이/가’, ‘은/는’, ‘을/를’에 대한 사용 오류 양상을 통사·화용의 전반적인 측면에서 검토함으로써 오류 양상 및 원인을 살펴보고 이에 따른 효과적인 조사 교육 방안을 구축하는 것을 목적으로 하였다. 한국어와 몽골어는 알타이어계에 속하는 교착어로서 문법적으로 유사한 점을 많이 지니고 있어 몽골인 학습자들은 타 언어권 학습자들에 비해 한 국어 학습 속도가 빠르고, 문법 오류의 수도 적은 편이다. 그러나 학습자들은 한국어 조사 사용 시 잦은 오류를 범하는 양상을 보이는데 이는 ‘이/가’, ‘은/는’, ‘을/를’의 사용에서 더욱 두드러지게 나타난다. ‘이/가’, ‘은/는’, ‘을/를’은 한국어 학습의 초급단계에서부터 제시되는 가장 기본적인 문법 요소이지만 격조사적인 성격과 보조사적인 성격을 동시에 지닌 복잡한 문법 항목으로 외국인 학습자들이 학습하는 데에 어려움이 따른다. 실제 의사소통에서 ‘이/가’와 ‘을/를’은 체언뿐만 아니라 부사어, 보조적 연결 어미, 보조사 등의 다양한 구성 뒤에 실현되어 화용적 기능을 나타내고, ‘은/는’도 담화·맥락에 따라 대조 및 주제, 강조, 구정보의 의미 기능을 하는데 이러한 내용은 몽골 내 한국어교육에서 거의 다루어지지 않고 있다. 또한 현재 몽골 내 한국어교육에서 사용하는 학습 교재에서 ‘이/가’, ‘은/는’, ‘을/를’의 제시 순서 및 설명은 외국인을 위한 문법교육의 위계화 기준 즉, 난이도 및 사용빈도, 학습자의 특성 등 다양한 기준에 부합하지 못한 것이 대부분이다. 교육 내용 또한 ‘이/가’, ‘은/는’, ‘을/를’의 격 표지 기능 및 접속사로의 분류에만 집중되어 있어 실제 의사소통에서 모어 화자들이 많이 사용하는 화용적 기능에 대한 학습은 충분히 이루어지지 않고 있다. 즉, 현재 몽골인 학습자의 문법 지식 향상과 동시에 의사소통 능력 신장을 위해 ‘이/가’, ‘은/는’, ‘을/를’에 대한 기존의 형태·통사적 측면에서의 교육을 넘어 담화 맥락을 고려한 화용 층위에서의 교육이 요구되는 시점이라 할 수 있다. 이에 본고는 몽골인 학습자의 ‘이/가’, ‘은/는’, ‘을/를’에 대한 사용 오류 양상을 통사·화용의 전반적인 측면에서 검토함으로써 오류 양상 및 원인을 살펴보고, 이에 따른 교육적 처치로 형태 초점에 따른 통사 기능 교육 방법과 담화 맥락에 따른 화용 기능 교육 방법을 제시하기 위하여 다음과 같이 논의를 전개하였다. 먼저 본고의 연구 목적을 설정하고, 선행 연구 및 연구 대상, 연구 방법을 기술하였다. 다음으로 ‘이/가’, ‘은/는’, ‘을/를’의 조사 교육 연구를 위한 이론적 전제로서 ‘이/가’, ‘은/는’, ‘을/를’의 개념 및 통사·화용 층위에서의 기능 분류를 몽골어의 해당 문법 형태와 비교하여 그 차이점과 유사점을 밝혔다. 그리고 몽골의 주요 4개 대학의 한국어교육 커리큘럼 및 현재 사용하고 있는 한국어 교재 6종의 분석을 통해 문법 교육의 문제점을 조사를 중심으로 검토하였다. 또한 몽골인 학습자의 조사 사용 양상을 알아보기 위해 170명의 학습자를 대상으로 조사 항목에 대한 문법성 판단 테스트를 실시하여 ‘이/가’, ‘은/는’, ‘을/를’의 사용 오류 양상 및 원인을 알아보았다. 더욱 심도 있는 분석을 위하여 모어 화자와 몽골인 학습자가 작성한 총 16,591어절의 작문 자료를 대상으로 ‘이/가’, ‘은/는’, ‘을/를’의 사용 빈도 및 오류 양상을 분석한 후 몽골인 학습자 22명을 대상으로 심층 면접을 진행하여 몽골 내 한국어교육에서의 조사 교육의 문제점과 통사·화용 층위에서의 ‘이/가’, ‘은/는’, ‘을/를’의 기능에 대한 학습자의 이해도 및 지식 정도를 확인하였다. 다음으로 조사 사용 오류 양상의 분석 결과를 토대로 몽골인 학습자의 조사 사용 능력 신장을 위해 한국어 조사의 다양한 기능 즉, 통사적 기능과 화용적 기능을 함께 배울 수 있는 교육 내용의 위계화를 설정하고, 이에 따른 교육 방법을 구축하였다. 본 연구는 한국어의 대표적인 구조격 조사 ‘이/가’, ‘을/를’과 보조사 ‘은/는’의 통사·화용 기능에 초점을 맞추어 몽골인 학습자와 모어 화자의 실제 사용 양상을 바탕으로 오류 양상 및 원인을 분석하고, 이에 적합한 교육 내용 및 방법을 구축하였다는 점에서 의의가 있다.문제중심학습"
몽골인 학습자를 위한 한국어 유의어 교육 방안 연구 -TV 방송 프로그램 활용을 중심으로-,Z. Erdenesuren,2014,"몽골은 70년 동안 사회주의 국가로 발전해 왔으나 새로운 시스템, 즉 민주주의가 도입되어 세계의 자유 시장으로 향하게 된 1990년 이후에는 커다란 변화가 생기기 시작하였다. 세계화가 되어 가는 몽골은 모든 분야에서 여러 국가들과 활발한 협력 관계를 확대해 나가고 있다. 특히 몽골과 한국의 역사를 보면 예로부터 협력 관계를 맺어 왔다는 것을 알 수 있으며 최근 들어 더욱 활발히 우호 관계를 발전시키고 있다. 몽골에서 한국에 대한 관심이 높아지고 몽골에 한국기업 및 기관, 단체들이 활발히 진출하면서 전문적으로 한국학 및 한국어를 배우고 싶어 하는 몽골 사람들이 증가함에 따라 한국어를 가르치는 몽골 대학교 및 한국어 학원, 초?중?고등학교의 수가 늘어나고 있다. 한편, 최근 한국어 교육의 필요성과 중요성에 대한 관심이 여러 연구에 이어지고 있으나 어휘 교육, 그 중 유의어 교육에 관한 연구는 미비한 실정이다. 유의어는 발음이 다르지만 의미가 같거나 비슷한 어휘를 말하는데 몽골인 한국어 학습자들이 유의어를 이해하지 못하여 일으키는 오류는 의사소통에 장애를 발생시키기도 한다. 따라서 유의어를 분석하여 효과적으로 교육하는 방법을 제시하는 것이 몽골인 한국어 학습자의 원활한 의사소통 능력 신장에 도움이 될 수 있을 것이다. 따라서 본 연구에서는 크게 다음과 같은 단계로 연구를 진행하고자 한다. 첫째, 한국어 유의어 사전과 유의어 기존 자료들 등을 바탕으로 한 한국어 유의어 학습 목록을 추출하고, 그것을 몽골의 대표적인 한국어 학습 기관인 몽골국립대학교 및 몽골인문대학교의 한국어 학과에서 사용하는 한국어 교재에 나타난 유의어와 한국어능력시험의 기출문제에 나타난 유의어 목록과 비교하여 최종적으로 한국어 유의어 학습 목록을 추출한다. 몽골인 한국어 학습자는 비한자문화권 학습자이고, 영어보다 러시어가 친근하기 때문에 학습 단계가 올라갈수록 한국어 어휘 습득에 어려움을 겪는다. 그래서 어휘, 그 중 유의어 학습을 개선할 수 있는 방법으로 학습자 및 교사를 위한 유의어 목록을 제시하는 것이 시급하다고 판단하였다. 외국어를 학습할 때 기본 문법이나 어휘를 배우는 것도 중요하지만 학습자들이 초급 단계에서 중·고급 단계로 올라갈수록 어휘의 의미 차이를 이해하여 상황에 적합한 어휘를 사용해 보다 유창하고 정확하게 의미를 전달하는 것이 중요하기 때문이다. 그래야 자신을 표현하고 상대방의 의도를 이해할 수 있는 전문적인 인재로 발전할 수 있다. 둘째, 몽골인 한국어 학습자를 위한 TV 방송 프로그램을 활용한 효과적인 한국어 유의어 교육 방안을 제시하고자 한다. 몽골의 한류 열풍은 다른 아시아 국가들과 마찬가지로 강하게 일어나고 있다. 1999년에 처음으로 한국 드라마가 방영된 지 벌써 10여 년이 넘었지만 아직도 한국 드라마를 선호하는 몽골 사람들이 많고 시청률도 높은 편이다. 뿐만 아니라 한국 드라마에 이어 한국 영화, 대중음악, 토크쇼 등에 관심을 가지게 된 몽골 젊은이들이 점점 증가하고 있고 이는 한국에 대한 관심과 한국어에 대한 흥미로 이어지고 있다. 그러므로 효과적인 한국어 유의어 교육을 하기 위하여 몽골에서도 불고 있는 한류 문화 콘텐츠 중 TV 방송 프로그램을 이용하는 것이 적절한 방법이라고 본다. TV 방송 프로그램은 인쇄 매체보다 시각적, 청각적인 장점이 있으므로 학습자들의 흥미를 유발하게 하여 의사소통 능력을 통합으로 신장시킬수 있기 때문이다. 한국어를 배우고 나서 한국에 유학 가고 싶어 하는 몽골 청소년들이 급증하고 있는 이 시기에 한국어를 가르치는 대학교에서 학습자들의 눈높이에 맞추어 교육하는 것이 중요하기 때문에 TV 방송 프로그램을 활용한 한국어 유의어 교육 방안을 모색하는 것이 다방면에서 유용하다고 본다.문제중심학습"
몽골과 한국의 초 중등 교육제도 비교,"간치멕, 차희영",2017,"이 연구는 몽골과 한국의 교육적 교류를 발전시키는데 필요한 기초 자료를 확보하기 위한 목적으로 몽골과 한국의 교육제도를 비교、분석한 연구다. 연구를 위해 두 나라의 교육 관련 문헌 자료를 조사하여 비교했다. 먼저 몽골과 한국 사회의 역사적인 변천과정에서 교육 제도가 어떻게 변화되어 왔는지를 알아보았고, 두 나라의 현행 교육 제도를 분석하여 비교해 보았으며, 향후 양국의 교육 제도 개선에 대한 시사점을 도출하였다. 연구 결과, 몽골 교육은 구소련식 교육 제도로부터 영향을 받아 발전해왔고, 한국 교육은 미국식 교육 제도로부터 영향을 받아 오늘날까지 발전해 왔다. 몽골과 한국의 현행 학제도 각각 5-4-3제와 6-3-3제로 차이가 있었다. 학교 운영 방식도 단일형 학교 제도를 근간으로 하는 한국과는 달리 인구 밀도가 낮은 몽골은 통합형 학교 제도로 운영하고 있었다. 교육과정 편성 및 운영시간에서도 차이가 나타났는데, 몽골이 한국보다 연간 수업시수가 더 적었다. 연구 결과들은 기존에 한국에 많이 소개된 바 없는 몽골의 교육 제도에 관한 정보를 한국에 제공해 줄 것이며, 몽골에는 향후 교육 제도의 개선을 위한 참고 자료가 될 것이다.문제중심학습"
몽골과 한국의 초·중등학교 교육제도 및 과학과 교육과정의 목표와 내용 비교 분석,간투머 간치맥,2018,"본 연구는 몽골과 한국의 초·중등학교 교육제도 및 과학과 교육과정의 목표와 내용을 비교·분석하여, 양 국가의 교육제도 및 과학과 교육과정 개선에 필요한 기초 자료를 마련하고자 하였다. 교육제도를 비교하기 위한 분석 자료로 양 국가의 교육제도 관련 논문, 책, 단행본, 연구 보고서 등을 활용하여, 양 국가의 교육제도 변천사 및 현행 교육제도를 비교·분석하였다. 양 국가의 현행 교육제도 비교·분석에서는 ‘학제’, ‘학교 운영제도’, ‘연간 교육 계획’ 등을 비교·분석하였다. 그리고 과학과 교육과정 비교·분석에서는 양 국가의 과학과 교육과정의 목표 및 내용을 비교하였다. 과학과 교육과정의 ‘목표’ 분석을 위한 분석틀로는 Yager의 ‘과학교육 목표의 핵심 영역 준거’를 활용하였고, 과학과 교육과정 ‘내용’ 분석에는 ‘TIMSS 2015’의 내용 영역을 활용하여 양 국가의 과학과 교육과정의 내용을 비교·분석하였다. 연구 결과 몽골과 한국 양국의 교육제도는 상반된 이념으로부터 영향을 받아 근대 교육으로 변화해운 것으로 밝혀졌다. 몽골은 구소련의 영향으로 ‘사회주의 교육’ 이념으로부터, 한국은 미국의 영향으로 ‘민주주의 교육’ 이념의 영향을 받아 발전해왔다. 그리고 몽골은 1990년에 민주주의 국가로 체제를 전환하였고, 현재 몽골은 세계 흐름에 맞는 교육제도로 전환 중에 있다. 몽골은 1940년부터 2004년까지 10(4-4-2)년제 학제였고, 2008년에 12년제(5-4-3)로 개편하였다. 반면, 한국은 1951년에 12(6-3-3)년제 학제를 도입하여 현재까지 유지하고 있다. 몽골과 한국 양국의 과학과 교육과정 비교·분석에서 가장 차이가 큰 교과목은 지구과학 교과목이었다. 몽골은 ‘지구과학’이라는 교과목이 없으며, 대신에 ‘지리’ 교과를 과학 교과로 배운다. 몽골의 지리 교과는 지리 내용 뿐 만 아니라 지구과학 내용도 포함되어 있는 교과목이다. 반면, 한국은 지구과학과 지리 교과가 따로 있는데, 지구과학은 과학과에서, 지리는 사회과에서 다룬다. ‘TIMSS 2015’ 평가 목표를 통한 몽골과 한국의 과학과 교육과정 내용 분석 결과 물리, 화학, 생명과학, 지구과학 네 개 영역 중에서 물리 및 화학 영역이 몽골과 한국의 과학과 교육과정 내용과 높은 일치성을 보였다. 생명과학 및 지구과학 영역은 물리 및 화학 영역에 비해 낮은 일치성을 보였다. 물리 및 화학 영역 내용은 과학의 기본 개념과 원리를 다루기 때문에 전 세계적으로 큰 차이가 없어 보인다. 생명과학 영역의 경우 ‘TIMSS 2015’ 평가 목표에서 ‘건강’ 관련 내용이 포함되어 있는데 몽골과 한국의 과학과 교육과정 생명과학 영역에는 TIMSS에서 제시하고 있는 건강 관련 내용이 나타나지 않았다. 그 이유는 몽골은 건강 관련 내용을 생명과학에서 다루지 않고 ‘보건 교육’이라는 교과에서 따로 다루고 있고, 한국의 경우 체육 등의 다른 교과에서 다루기 때문이다. 지구과학 영역의 경우 몽골은 지구과학이라는 교과 자체가 없으며, 지리 교과 내에 포함돼 있다. 즉, 몽골 지구과학 관련 내용의 분량 자체가 적어 TIMSS 2015 평가 목표와 낮은 일치성을 보였다. 본 연구 결과는 양 국가의 교육 제도 및 과학교육과정 개선에 활용될 수 있을 것으로 기대된다. 또한 교육과정 국제 비교 연구 및 몽골과 한국의 교육 관련 비교 연구의 기초 자료로도 활용될 수 있을 것이다.문제중심학습"
17~19세기 몽골 불교사원의 다창 연구 -교육기관으로서의 기능을 중심으로-,김경나,2016,"본 연구의 목적은 16세기 말 티베트불교와 함께 몽골에 유입된 다창(Datsan)의 교육 및 사회사적 기능과 특징을 고찰하는 데에 있다. 몽골 불교사원에 부설된 다창은 17~19세기 몽골 지역 신앙을 기반으로 하며 몽골 전통 교육 체계의 큰 축을 담당하였다. 본 연구에서는 티베트에서 몽골로 유입된 다창의 설립배경과 확산 양상을 다양한 문헌 자료를 통해 실증적으로 분석하였으며, 특히 몽골 불교사원의 규모와 종류, 명칭, 조직구조에 대한 개설에서 나아가 각 층위에 대한 구체적 논의에 초점을 맞추었다. 또한 교육적 측면에서 몽골 다창과 티베트 다창의 동이(同異)점을 논의하고, 몽골의 불교사원?다창?승려 등에 대한 지역별 및 시대별 분포 변화, 몽골 불교사원에 부설된 대표적인 다창의 사례를 고찰하여 몽골 다창의 특수성을 논증하였다. 교육기관으로서의 기능을 중심으로 논의한 17~19세기 몽골 다창의 연구 결과는 다음과 같다. 첫째, 지금까지 종합적으로 연구되지 않았던 몽골 다창의 구조와 교육내용, 제도 및 그 변천 과정을 파악하였다. 아울러 교학 및 학위제도, 공통 교과과정과 논증 및 경론을 통한 학습방법에 대하여 고찰하였다. 둘째, 현존하는 문헌 자료를 수집하여 몽골 지역의 사원과 각 분과별 다창의 종류 및 지역별 분포를 시대별로 분석하였다. 이 과정을 통해 당시 투셰트 한 아이막(T?heet khan aimag) 지역에 사원과 분과별 다창이 가장 많이 위치하며, 이 지역이 몽골 불교의 핵심 지역이었음을 증명하였다.셋째, 다창의 교학제도에서는 일반 교육제도로서 교과과정과 학습방법, 학위제도를 티베트의 전형과 비교 고찰하였다. 또한 자생적 기반을 바탕으로 한 관학(官學)과 소규모 가정학습 위주의 전통적 유목사회 교육이 다창 설립을 통해 체계적인 ‘학교’로서의 교학시스템을 갖추어 변모하게 되었음을 조명하였다. 몽골 다창은 티베트 교학제도를 수용했지만, 19세기 이후 불교와 사원이 번영기를 누리면서 다창의 분과도 점차 세분화되었다. 그 중 조르하인 다창(Zurkhain datsan)은 천문과 역법, 번역, 음악, 공예, 연극 등 실용학문과 전통문화예술을 교육하여 다창이 종합학교로서의 기능을 구축하는 데 큰 역할을 했음을 확인하고, 티베트 다창의 양상과 차이점을 논의하였다. 넷째, 다창에서 필수적으로 교육된 학문 분과인 현종(顯宗), 밀종(密宗), 의학(醫學), 시륜(時輪), 천문(天文), 역법(曆法) 등의 주요 학습서와 교육 내용을 검토하였다. 이를 통해 다창에서의 교육은 17~19세기 몽골 불교사원에서 지속적인 발전과 함께 견고해졌음을 확인하였다. 다섯째, 다창의 학문 분과별 괄목할 성과를 남긴 사원의 역사와 다창의 역할을 분과별로 고찰하였다. 기존에 발표되었던 자료와 활불(活佛)들이 저술한 전기(傳記) 등을 통해 학문적 토대이자 몽골의 유·무형 문화유산의 집약체라는 측면에서 사원과 다창이 남긴 자취를 밝히고, 해당 지역 사원의 교육과 민중교화 기능에 주목하였다. 이러한 연구 과정을 통해 티베트불교와 함께 유입된 교육기관인 다창이 티베트의 전례와 달리 몽골화되는 시대별 변천양상을 검토하고, 몽골 현지화된 다창의 교육 내용과 지역적 분포, 학문분과별 특징을 고찰하였다. 아울러 17~19세기 교육기관이자 지식인 양성소로서 다창이 담당한 기능과, 여기서 배출된 몽골의 고승(高僧)과 활불(活佛)이 남긴 저작에 대해 검토하였다. 그 결과 티베트로부터의 일방적 전승이 아니라 몽골 토착문화의 발전과 외래문화의 몽골화가 함께 했음을 몽골 다창의 형성과 변천에 대한 논의를 통해 확인하였다. 다창은 정교한 조직 시스템과 완비된 제도에 힘입어 17세기 이후 몽골 문화권에 두루 확산되기 시작했고, 19세기에 들어서면서 최고 전성기를 맞이한다. 당시 사회적 조건과 몽골인의 굳건한 신앙심은 학문적 융성과 다창의 번영을 불러왔다. 몽골 다창은 티베트 불교 유입 이후 몽골사회의 구심점으로서 교육과 문화, 경제에 큰 영향력을 가지고 있었지만, 청대 위정자들의 대(對) 몽골 정책과 1930년대 사회주의 종교탄압 등 정치와 시대변화에 휩쓸릴 수밖에 없었던 한계점을 갖는다. 몽골 다창은 향후 동양교육사의 일부분으로서 각 학문분야별 교육에 대한 다양하고 심층적인 연구가 진행되어야 할 필요성이 있다. 뿐만 아니라 인접 국가들과의 비교연구를 통해 다창과 몽골 불교사원의 전개양상을 종합적으로 고찰하는 일 역시 장기적인 논제로 남아있다. 17~19세기 몽골 다창에 대한 본 연구는 국내에서 처음으로 논의한바 향후 티베트불교 문화권의 각 민족과 지역의 문화를 비교 연구하는데 단초가 될 것이다.문제중심학습"
대학교육기관 서비스품질에 대한 몽골과 일본의 경쟁모델 비교,강만수,2011,"동아시아는 같은 사상을 영향을 받아 교육에서도 유사한 점을 가지고 있으나, 경제적 성장이나 역사를 통해 이질적인 문화를 배경으로 교육정책이 변화해왔다. 이와 같은 관점에서, 동아시아에 위치한 국가의 대학은 발전을 위해서 수요자 중심적 사고를 바탕으로 학생들에게 최대한의 서비스를 제공하는 것이 중요할 것이다. 따라서 대학들은 수요자인 학생들을 위하여 양질의 교육서비스를 제공하고 학생만족을 바탕으로 명성(대학이미지)을 구축하여 대학의 경쟁력을 배양하는 것이 중요하다. 본 연구의 목적은 몽골과 일본대학들의 교육서비스품질을 바탕으로 한 가치모델, 만족모델, 간접모델, 연구모델의 4가지 경쟁모델을 제안하고, 몽골과 일본대학들에 가장적합한 모델을 찾고자 하였다. 직원품질 즉, 교육서비스품질이 사회가치 즉, 지각된 서비스가치와 학생만족, 명성 및 충성도에 어떠한 영향을 주는지에 대해 가치모델(Value Model), 만족모델(Satisfaction Model), 간접모델(Indirect Model), 연구모델(Research Model)의 4가지 모델로 구분하였다. 4개의 경쟁모델의 분석결과, 몽골과 일본대학들의 가장 적합한 모델로 본 연구가 제시하는 연구모델이 채택되었다. 본 연구의 결과는 몽골과 일본대학들에게 적합한 모델을 제시하여, 각각 국가의 대학들에 적합한 모델을 찾는데 도움을 주고 적합한 모델에 적절한 전략을 수립하는데 유용한 시사점을 제공하고자 한다.문제중심학습"
몽골 대학들의 한국어 교육,권성훈,2009,"본고에서는 몽골 대학들에서 이루어지고 있는 한국어 교육에 대한 전반적인 현황과 문제점에 대해 다루었다. 몽골에서는 1991년 10월에 최초로 몽골 국립대학교에 한국어과가 개설되어 본격적으로 한국어 교육을 시작했다. 뒤를 이어 외국어대학교(1992)와 국립 울란바타르대학교(1994), 사립 울란바타르대학교(1995), 국립 사범대학교(2000) 등에 한국어과가 개설되었다. 그 수는 꾸준히 늘어 2009년 현재 몽골의 25개 대학에서 한국어를 가르치고 있다. 그 중에서 정식으로 학과(한국어과 또는 한국학과)가 개설된 대학은 19곳에 이른다. 몽골 대학들의 한국어 교과과정을 보면, 대체적으로 1,2학년에는 회화, 문법, 어휘 과목이, 3,4학년에는 한-몽, 몽-한 번역 및 한국학의 주요 과목이 배정되어 있다. 2000년 이후 몽골 대학에서의 한국어 교육에 나타난 가장 큰 변화 중 하나는 몽골인 교수들의 약진이다. 1990년대 초에는 주로 한국인 유학생들과 KOICA 단원들이 한국어 교육을 담당했다. 몽골인 교수의 숫자는 손에 꼽을 정도였다. 그러나 현재 몽골 대학에서 가르치는 한국어 교수의 숫자는 몽골인이 63명, 한국인이 45명으로 몽골인의 수가 훨씬 더 많다. 한국어 교재 개발 및 출판에 있어서도 몽골인 교수들의 약진이 두드러진다. 2000년 이전에는 한국인 교수들이 교재 개발을 주도했다면, 현재는 몽골인 교수들이 주도하고 있다. 또 다른 변화는 몽골 대학들이 한국어과에서 한국학과로의 전환을 모색하고 있다는 것이다. 이는 학생들에게 한국의 언어 뿐 아니라, 정치, 경제, 문화, 역사, 과학ㆍ기술 등 다양한 전공의 기회를 제공하기 위함이다. 실제로 한국어를 전공한 학생들은 대학원을 진학할 때 한국어문학이나 한국어 교육을 주로 선택하는 경향이 있는데, 한국학 전공자는 전공 선택의 폭이 다양하다. 이런 이유에서 몽골 국립대학교와 인문대학교의 한국어과가 각각 1994년과 2003년에 한국학과로 개명했으며, 사립 울란바타르대학교는 2003년에 한국어과와는 별도로 한국학과를 설치해 운영하고 있다. 몽골 대학들의 한국어 교육의 문제점은 각 대학 한국어과들 간의 교육수준 편차의 심화, 경험 있는 한국인 교수의 부족, 교과과정의 비현실성, 제한적인 한국어 교수방법의 적용, 교재개발에 있어서 전문가들 간의 협력부족 등을 들 수 있다. 이상의 문제점들을 개선하고, 한국과 몽골 양국 정부와 기업인들이 노력하여 한국어의 사회적 수요를 지속적으로 창출해 나간다면 한국어는 몽골에서 각광받는 제2 외국어가 될 것이다.문제중심학습"
17~18세기 몽골전통의학 교육기관 만바다창 연구,"김경나, 이성규",2015,"본고는 17~18세기 몽골 불교사원에 설치되었던 전통의학 교육기관인 만바다창의 설립 배경과 교육제도의 특징을 밝히는 데에 목적을 두었다. 몽골의 만바다창은 전문적인 의학교육을 통해 醫僧 배출과 의학 연구, 진료를 함께 담당하였던 당시 몽골의 종합 의료 기관이었다. 본고에서는 몽골 만바다창의 설립 배경과 의의를 밝히고, 몽골의 의승들이 만바다창의 교육을 체계화시키기위해 저술하였던 몽의서들을 참고서와 교재, 지침서로 분류하여 설명하였다. 또한 6~7세부터 20여 년 이상 지속되는 만바다창의 전문의학 학습제도와 학승들의 출신 배경, 시험 및 학위 수여제도를 논의하였다. 몽골에는 17~18세기 불교 사원을 통해 티베트 의학이 유입되었으며, 몽골인들은 그 의학 체계에 몽골의 민간요법과 약재들을 적용하여 몽골인들에게 적합한 치료법으로 발전시켰다. 몽골 만바다창의 교육제도 또한 티베트와 변별성이 있음을 본고의 논의를 통하여 확인하였다. 국내에 소개되지 않은 몽골전통의학에 대한 사적 소개를 시도하였다는 점에서 본 연구의 의의를 두고자 한다. 몽골의 전통의료교육기관이었던 만바다창의 교육제도를 살펴보는 작업은, 당시 몽골의 醫學史 뿐만 아니라 몽골 불교사원이 가지던 기능, 몽골 전통교육제도의 단면을 고찰할 수 있다는 점에서 그 가치를 찾을 수 있다.문제중심학습"
몽골 전통교육기관 다창(Datsan)의 교육철학과 교수법 연구,"김경나, 최영준",2016,"본 연구는 몽골 전통교육기관인 다창(Datsan)의 교육철학과 목적, 교수법을 고(故) 문서 및 문헌 조사와 자료 분석 그리고 선행연구 내용분석을 통해 고찰하여 동양의 교육문화를 규명하고 이해하는 데 그 목적이 있다. 몽골 불교사원 내에 설립된 다창은 승려들이 학문을 깊이 연구하고 오부대론(五部大論)의 내용에 정통하여 불교의 본질적인 정신을 이해하도록 하는 것이 교수철학이자 목표였다. 16세기 후반 몽골지역에 설립되기 시작한 다창은 18-19세기에 몽골 전역에 퍼지면서 불교적 지식과 교양함양 뿐만 아니라 언어와 과학, 예술 및 종합학문을 함께 가르치는 곳이었으며, 직업교육 기관이자 평생교육기관으로서의 역할도 함께 수행했다. 몽골 다창의 주요 교수법은 기본적으로 경전에 대한 암송과 논쟁, 문답식 변론, 의학분과의 임상 및 체험학습, 천문·역법분과의 탐구 교수법으로 크게 나누어 볼 수 있다. 다창 교수법 중 가장 두드러지는 것은 귀류 논증법에 의거한 논쟁(論爭) 수업으로, 학습하는 승려의 지적 단계를 높이기 위한 훈련이자 난해한 불교철학을 이해하는데에 필수적인 과정이다. 몽골 다창의 학승들은 이러한 논증과 토론학습 방법을 통해 표현 능력과 논리력을 단련하였다. 논쟁 교수법의 연장인 변론(辯論)은 질의응답 과정을 통해 사고력을 신장시켰다. 체험학습은 의학다창에서 집중적으로 이루어졌다. 의학다창의 학생들은 몽골 전통의학의 기초 지식 숙지는 물론, 약초 감별 및 채취법, 조제법과 임상 훈련을 받아야 했다. 탐구 교수법은 천문·역법 다창을 위주로 진행되었다. 별자리의 이동을 활용하여 시간을 측정하고, 몽골력(蒙古曆) 제작을 통해 절기와 계절, 유목 생활의 기준이 되도록 하였다. 다창의 교수법은 학습 내용을 논쟁과 문답수업으로 완전히 체득하도록 하고, 체험과 탐구 교수법을 통해 학문과 실체를 모두 익히도록 체계화되었다. 아울러 다창의 학습체계를 통해 실용학문의 전문적 지식 습득을 통한 직업교육과 시민교육이 17~19세기 동양에서도 실시되었다는 점을 확인할 수 있다.문제중심학습"
17~19세기 몽골 불교사원의 교육문화 연구,"김경나, 최영준",2017,"본 연구는 몽골 현지 조사 및 문헌 수집 자료를 중심으로 17∼19세기 몽골의 교육기관으로 불교사원이 형성된 사회사적 배경을 설명하고, 몽골 지역의 불교사원 확산으로 인한 학승계층의 확대와 교육체계의 변화를 고찰하며, 몽골 불교사원 교육기관의 교육내용과 교육체계, 교육목적을 분석하여, 그 교육문화의 특징을 논의하는 데에 그 목적이 있다. 연구의 주요 연구방법으로는 몽골 불교사원의 교육문화 고증에 관련된 고문서의 해석본과 관련 문헌들의 내용분석을 실시하였고, 몽골현지 불교사원의 자료를 해석하였다. 연구결과 첫째, 몽골 불교사원은 몽골 전 지역을 담당하는 거국적인 교육기관으로서 자리하고 있었다. 둘째, 몽골 불교사원은 교육기관으로서 오늘날의 교육과정과 학과과목을 비교해도 손색이 없었다. 셋째, 몽골의 불교사원은 다양한 교수법으로 학승들의 교육을 체계화시키고, 학습효율을 제고하였다. 넷째, 몽골 불교사원의 교육목적이 학문적 정진 외에 지역사회 내에서 교양과 관혼상제, 생활의례를 익히는 것도 포함하고 있었다. 다섯째, 몽골의 불교사원을 통한 교육은 몽골인의 정신문화 수호에도 일익을 담당하고 있었다.문제중심학습"
몽골 불교사원의 교육 철학-불교사원 내의 `Datsan`의 교육 철학을 중심으로,"김경나, 박금주, 최영준",2018,"본 연구는 몽골 전통교육기관인 다창의 교육철학 및 그 문화를 이해하고 고찰하는 데 그 목적이 있다. 몽골 불교사원 내에 설립된 다창에서는 승려들이 학문 탐구와 교리에 정통하여 불교의 본질을 깨닫게 하는 것이 기본적인 교육 목표이자 철학이었다. 16세기 후반 몽골지역에 세워지기 시작한 다창은 18~19세기에 몽골 전 지역에 확산되면서 불교 교리와 교양, 외국어와 과학, 예술, 의학 등 종합학문을 교육한 공간이었으며, 직업교육과 평생교육을 함께 담당하였다. 몽골 다창의 주요 교육 철학은 인문주의, 행동주의, 인본주의 및 다문화주의 성격으로 크게 나누어 볼 수 있다. 인문주의 접근으로는 교사 역할의 절대적 역할과 경전을 통한 진리탐구 및 이해를 필수적인 과정으로 볼 수 있다. 또한 행동주의 특성으로는 다창의 엄격한 책무성과 개인의 진로 및 능력을 고려한 차등 교육을 들 수 있다. 인본주의 사고로는 불교 교육의 궁극적 목표인 중생구제와 자아 탐색의 철학이 두드러지는 것을 확인하였다. 또한 다문화주의 성격으로는, 18~19세기 단일 민족의 한계를 극복할 수 있는 창구로서 몽골 다창이 교육적 통로의 큰 역할을 했다는 것이다. 아울러 다창의 학습체계를 통해 불교 철학과 인문주의적 자아실현 및 전문 지식 습득을 통한 교육이 17~19세기 몽골에서 실시되었다는 점을 확인하였다.문제중심학습"
몽골인 한국어 학습자를 위한 현대몽골어와 한국어의 피동 대조 연구,김기성,2017,"본 연구는 현대몽골어의 ‘피동(被動, passive)’에 대한 유형 및 구성, 그의 의미, 기능 등을 정리해 살펴보고, 이후 이를 기준으로 여기에 대응 가능한 한국어 ‘피동’과 서로 대조 분석해 보았다. 또한 이러한 대조 분석을 통해 이들이 서로 어떠한 유사점과 차이점 등을 갖고 있는지 살펴보며, 현대몽골어와 한국어 두 언어의 학습자들에게 담화, 문맥 등의 상황에서 매우 중요하게 나타나는 피동의 올바른 사용법과 이를 위한 기초자료 등을 함께 제시해 보았다. 현대몽골어와 한국어의 피동은 행위를 누가 수행했는지를 가리키는 것이 아니라 무엇이(어떤 행위가) 수행되었는지를 가리키며, 능동 행위주는 여 · 처격어미 ‘-д/т’몽골어), ‘에게, -에 의해(서)’한국어)로 구성된다는 유사점을 갖는다. 한편, 한국어의 피동(피동 표현, 피동법)은 일반적으로 1)‘되다’ ‘당하다’와 같은 어휘를 써서 피동문을 만드는 방식인 ‘어휘적 피동’ 2)‘이-, -히-, -리-, -기-’와 같은 파생접미사를 동사 뒤에 붙이고, 목적어를 주어로 그리고 주어를 ‘-에게, -에 의해(서)’형태의 부사(부사어)로 바꾸는 방식인 ‘파생적 피동’ 3)‘아/어지다, -게 되다’와 같은 통사적 구성 형태를 동사 뒤에 붙여서 피동문을 만드는 방식인 ‘통사적 피동’등으로 비교적 세분화되어 있는 반면에 현대몽골어의 피동은 ‘-гд, -д, -т’와 같은 형태의 피동 접사를 동사의 어간에 연결해 피동의 의미를 표현하는 파생적 피동이 일반적이다. 따라서 한국어에 비해 상대적으로 다양하지 못하다는 차이점을 갖는다.문제중심학습"
몽골인 한국어 학습자를 위한 현대몽골어와 한국어의 사동 대조 연구,김기성,2019,"본 연구에서는 현대몽골어의 태(態, хэв, voice) 체계 속에서 ‘사동(使動, causative)’에 대한 유형 및 구성, 또한 그의 의미, 기능, 용법 등을 정리해 살펴보고, 이후 이를 기준으로 여기에 대응 가능한 한국어 ‘사동’과 서로 대조 분석해 보았다. 아울러 이러한 대조를 통해 이들이 서로 어떠한 유사점과 차이점 등을 갖고 있는지 살펴보았으며, 양 언어의 학습자들에게 담화, 문맥 등의 상황에서 매우 중요하게 나타나는 사동의 올바른 사용법과 이를 위한 기초자료 등을 제시해 보았다. 현대몽골어와 한국어 모두 자동사, 타동사 어느 것에나 사동 접사(몽골어: ‘-уул2’, ‘-лга4’, ‘-га4’, ‘-аа4’, 한국어: ‘-이-’, ‘-히-’, ‘-리-’, ‘-기-’, ‘-우-’, ‘-구-’, ‘-추-’, ‘-시-’, ‘-으키-’ 등)를 연결해 타동사 사동을 만든다. 이러한 파생적 사동이 일반 보편적이다. 현대몽골어와 한국어의 사동은 일반적으로 활용 방법 면에서 유사한 면을 보인다. 자동사에서 파생된 사동(사동문)의 경우 능동문의 주어는 사동문의 목적어가 되고, 새로운 주어가 들어가(나타나) 사용된다. 능동문의 주어가 사동문의 목적어가 되면서 목적격 어미(몽골어：‘-ыг/ийг, -г, 목적격 의미의 ø’, 한국어：‘-을/를, 목적격 의미의 ø’)를 취하게 된다. 타동사에서 파생된 사동(사동문)의 경우 능동문의 주어는 사동문의 부사어가 되며, 새로운 주어가 들어가(나타나) 사용된다. 능동문의 주어가 사동문의 부사어가 되면서 여·처격 어미(몽골어：‘-д/т’, 한국어：‘-에게/-한테, -께/’)나 또는 도구격 어미(몽골어：‘-аар4’, 한국어：‘-로(-로 하여금)’를 취하게 된다. 한국어의 사동(사동 표현, 사동법)은 일반적으로 1) ‘시키다’와 같은 어휘를 써서 사동문을 만드는 방식인 ‘어휘적 사동’, 2) ‘-이-, -히-, -리-, -기-, -우-, -구-, -추-, -애-, -시-, -으키-’ 등과 같은 파생접미사를 동사 뒤에 붙이고, 능동문의 주어를 목적어 또는 ‘-에게/한테/께’ 형태의 부사(부사어)로 바꾸며, 새 주어를 도입함으로써 사동문을 만드는 ‘파생적 사동’, 3) ‘-게 하다/만들다, -도록 하다/만들다’와 같은 통사적 구성을 동사 뒤에 붙이고, 새로운 주어를 도입함으로써 사동문을 만드는 방식인 ‘통사적 사동’ 등으로 비교적 세분화되어 있는 반면, 현대 몽골어의 사동은 ‘-уул2, -лга4, -га4, -аа4’와 같은 형태의 사동 접사를 동사의 어간에 연결해 사동의 의미를 표현하는 파생적 사동이 일반적이다. 따라서 한국어에 비해 상대적으로 다양하지 못하다는 차이점을 갖는다.문제중심학습"
몽골의 한국어 교육과정에 대한 일고찰 -목적에 따른 영역 별 교과목 관계를 중심으로-,김명광,2008,"이 글은 한국어 교수-학습의 지향 목표를 거시적으로 분류하였을 때 나타나는 상위 영역 항목과 각 상위 영역에 포함되는 개별 교과목들의 범주와 각 영역의 교과목 시수를 통하여, 몽골의 한국어 교육과정 구성 요소 간 유기적 상관관계를 살펴보는 데 목적이 있다. 한국어 영역은 교수-학습 지향점에 따라 크게 ‘언어 사용 가능, 문법, 문학, 문화, 실용, 교육, 기타’ 등으로 나뉘며 이는 다시 각 영역에서 지향하는 목표에 따라 세부적인 교과목 영역으로 분류된다. 몽골의 각 대학교는 대게 ‘한국어 문법’과 ‘언어 사용 기능 영역’을 강조하지만, 그 외의 영역은 각 대학교의 교육 의도에 따라 상호 비중이 다르게 편성된다.문제중심학습"
몽골인 학습자를 위한 한국 문화 교육 요소 연구-몽골과 한국 설화의 비교·대조를 통해,"김문기, 이행선",2018,"한 나라의 언어를 배운다는 것 자체가 그 나라의 문화를 알아가는 과정이기 때문에 한국어를 상황에 맞게 사용할 수 있도록 언어 속에 담긴 한국적 특징이 가장 잘 나타나 있는 문화 요소를 교수, 학습해야한다. 특히, 유목 생활을 하는 몽골과 농경으로 정착 생활을 한 한국은 문화적 기반 자체가 너무 다르기 때문에 이러한 문화적 차이를 극복하고 효과적으로 몽골 학습자들에게 한국 문화를 교수·학습하기 위한 교육 내용과 방법 등을 모색할 필요가 있다. 또한, 몽골인의 경우에는 주로 이야기를 통해 언어 학습이 이루어진다는 점에 착안하여 몽골 설화를 활용하는 것이 효과적이라 판단하였다. 이에 한국 문화 교육에 유의미하다고 판단되는 몽골과 한국의 설화를 선정하고 그에 내재되어 있는 문화 요소를 비교 분석하여 교육적 가치가 있는 요소를 추출하여 교육 내용으로 선정하고자 한다. 이를 위해 Ⅱ에서는 설화를 활용한 한국 문화 교육을 다룬 앞선 연구를 검토했다. Ⅲ에서는 몽골 설화와 한국 설화가 대응되는 양상을 여러 기준을 통해 살펴보고 작품을 분류·선정했다. Ⅳ에서 화소(話素) 분석을 활용한 설화의 줄거리를 통해 몽골 설화와 한국 설화의 공통점과 차이점을 밝혀 한국 문화 교육에서 활용할 수 있는 문화 요소를 추출하였다. 이러한 문화 요소를 통해 몽골과 한국의 문화 요소에서 나타나는 공통점과 차이점을 활용한 다양한 활동을 함으로써, 학습자가 능동적으로 자국 문화와 한국 문화에 대한 비교·인식뿐만 아니라 의사소통 능력의 향상도 함께 도모할 수 있을 것으로 기대한다.문제중심학습"
몽골의 교사 선발 및 자격 질 관리 실태 분석과 개선과제,"김이경, 떨징수렝, 김경현",2017,"본 연구는 몽골의 교사 선발 및 자격 질 관리체제의 운영 실태 및 문제점을 분석하고 개선방안을 제시할 목적으로 수행되었다. 선행연구 분석을 바탕으로 설정한 네 가지 기준을 토대로 몽골의 예비교사 및 현직교사 선발 및 자격 질 관리 실태를 분석한 결과는 다음과 같다. 몽골은 중앙정부 차원에서 예비교사 선발 및 교사자격검정, 그리고 현직교사 임용 방식 및 교사자격체계를 명문화하여 운용하는 등 질 관리 기제가 마련되어 있다. 예비교사 단계에서는 대학입학시험 점수로 예비교사를 선발하고, 시험 검정을 통해 예비교사 자격을 검증한다. 현직교사 단계에서는 교육청과 학교 차원의 전형을 토대로 교사를 선발하고 있으며, 일련의 자격체계를 통해 교사의 승진을 관리하고 있다. 이러한 몽골의 교사 선발 및 자격 질 관리 체제는 교직에 필요한 인력을 유인하고 그들의 자격을 검증하는 한편, 전문성 계발을 유도할 목적으로 운용되고 있으나 교사로서의 현장실천 적합성을 검증하지 못한다는 한계가 역력했으며, 제도 자체가 적합성?공정성?투명성을 담보하지 못한다는 비판이 제기되고 있음을 확인할 수 있었다. 연구결과를 토대로 몽골 교사 선발 및 자격정책의 개선을 겨냥한 과제로서 교원양성기관의 학생선발 적합성 제고, 교사자격시험에 교실 실천 기반 검증 추가, 현직교사 선발에서 단위학교 전형의 공정성과 투명성 제고, 교사자격체계가 교사 전문성 계발 유도 및 동기 유발 기회로 작동하도록 재구조화 등의 방안을 제시하였다.문제중심학습"
국내 몽골 출신 외국인 근로자 자녀 학교교육 실태 분석,김정원,2006,"본 연구는, 몽골 출신 외국인 근로자 자녀들이 재학하고 있는 한 중학교에서의 사례 연구를 통하여 국내 외국인 근로자 자녀 학교교육 실태를 분석해 보고자 한 것이다. 연구 결과, 외국인 근로자 자녀의 학교 입학은 이들의 교육받을 권리를 보장해 주는 차원보다는, 학교가 베푸는 시혜적 차원에서 이루어지고 있다. 학교는 이들을 재적 외 학생으로 별도 관리하고 있으며, 학교 일상에는 “우리아이”와 다른 “그들”에 대한 구분이 항시 존재한다. 학교 내에서 외국인 근로자 자녀에게 가장 관심을 많이 갖는다고 할 수 있는 담임교사들도 이들의 성적이나 출결에 대해 상대적으로 무관심하며, 외국인 근로자 자녀들 역시 학교에 반드시 출석해야 한다는 의무감을 지니지 못한다. 수업을 비롯한 학교 일상 속에서 외국인 근로자 자녀의 존재는 쉽게 드러나지 않는 가운데 적극적으로 교우관계를 형성하여 학교생활 적응에 성공하는 사례가 있는가 하면 그에 못지않게 학교에서 중도탈락하는 경우도 많다. 몽골 출신 외국인 근로자 자녀들이 한국 학교에서 얻는 가장 큰 성취는 한국어 학습이며, 이들은 한국어 능력을 무기로 미래를 계획한다. 한국 학교생활에 잘 적응한 외국인 근로자 자녀들의 경우, 자신을 한국인으로 규정하고자 하는 경향이 강하며 스스로의 민족적 정체성을 부정한다. 이에 비해 학교생활에 적응하지 못하여 중도탈락한 외국인 근로자 자녀의 경우, 학령기에 학교교육 기회를 갖지 못함으로써 상대적으로 사회 주변부에 위치하게 될 가능성이 크며, 이들은 한국 사회와 한국 학교에 적응한다는 것에 대해 부정적인 태도를 지니게 될 가능성이 크다. 이와 같은 연구결과들은 외국인 근로자 자녀들을 동등한 사회적 주체로 인정하고 그들과 상호 소통하고자 하는 개방적 태도를 길러낼 수 있는 다문화 교육 기반 구축이 우리 사회에 절실히 필요하다는 점을 시사해 준다.문제중심학습"
Hersey와 Blanchard의 지도성이론 몽골 학교 적용 연구,"김현진, 아리오나 바타르",2018,"본 연구는 Hersey와 Blanchard의 지도성이론을 몽골의 수도인 울란바타르시 소재 학교에 적용하여, 학교장의 지도성 유형과 교사의 직무성숙 정도가 일치하는지에 따라 교사 직무만족도에 차이가 있는지를 알아보고자하였다. 이를 위해 몽골의 수도인 울란바타르시에 위치한 8개의 학교에서 근무하는 교사 187명을 대상으로 학교장의 지도성 유형, 교사 본인의 직무성숙 정도, 그리고 직무만족도를 조사하였다. 본 연구는 1974년 Hersey와 Blanchard의 초기모형인 생애주기지도성이론을 활용하여 지도성 유형은 4개로 분류하고 교사의 직무성숙도는 3단계로 구성하였다. 주요 결과는 다음과 같다. 첫째, 지시형 지도성 영역에 해당하는 학교는 1개교(B학교), 설득형 지도성 영역에 해당하는 학교는 2개교(A학교, H학교), 참여형 지도성 영역에 해당하는 학교는 1개교(C학교), 위임형 지도성 영역에 해당하는 학교는 4개교(D학교, E학교, F학교, G학교)로 분석되었다. 둘째, 교사의 직무성숙도를 3단계로 구분했을 때에 1 단계에 해당하는 학교는 3개교(D학교, E학교, F학교), 2단계 중간 영역에 해당하는 학교는 3개교(C학교, G학교, H학교), 그리고 높은 영역에 해당하는 3단계에 해당하는 학교는 2개교(A학교, B학교)로 분석되었다. 셋째, 교사의 직무성숙 정도에 일치하는 지도성을 발휘하는 학교가 8개 학교 중 2개(C학교, H학교)로 분석되었으며, 일치하지 않는 학교가 6개로 나타났다. 넷째, 교사의 직무성숙 정도에 일치하는 지도성을 발휘하는 학교가 일치하지 않는 학교보다 교사의 직무만족도가 통계적으로 유의미하게 높은 것으로 나타났다. 이를 통해 몽골에서 향후 학교장의 지도성이 어떤 방향으로 나아가야 할지에 대한 제언을 하였다.문제중심학습"
몽골인 결혼이주여성을 위한 한국 문화 교육 방안 연구- <팔 없는 여인>과 <손 없는 색시>의 비교를 통해,"김형복, 이행선",2017,"본 논문에서는 몽골인 결혼이주여성을 대상으로 한 한국 문화 교육 방안을, 몽골과 한국에 공통으로 존재하는 설화를 활용하여 문화 비교 관점에서 모색하였다. 몽골은 전통적으로 유목 생활을 기반으로 하였기 때문에 학습이 책보다는 구전에 의한 옛이야기에 의해 이루어져 그들에게 설화는 아주 친숙한 소재이다. 그래서 몽골인 학습자들의 한국 문화 학습에 설화를 활용하면, 흥미 유발과 배경지식 활성화에 유용하다. 그리고 몽골 설화를 활용한 한국 문화 학습은 학습자 중심이라 할 수 있다. 그동안의 한국 문화 수업이나 문화 교재는 한국 문화에서 출발하여 한국 문화 지식을 전달하는 방식이었기 때문이다. 또한 모티브가 유사한 양국의 설화에서 나타나는 공통점과 차이점을 학습자가 비교함으로써, 학습자 스스로 자연스럽게 자국의 문화와 한국의 문화를 객관적으로 인식하게 된다. 이러한 점을 배경으로, 본 논문에서는 다음의 사항을 살펴보았다. 먼저, 설화 비교를 통한 한국 문화 교육의 의의를 밝혔다. 결혼이주여성은 한국 가정 안에서 생활해야 하는 특수한 상황이기 때문에 일방적인 한국 문화 수용만을 강조할 수 없다. 그러므로 결혼이주여성들의 모국 문화의 근간을 유지하면서 한국 문화에 대한 이해 수반을 강조해야 한다. 양국의 설화 비교는 그런 점에서 의의가 깊다. 둘째, 결혼이주여성들에게 유의미한 몽골 설화로 <팔 없는 여인>, 그에 대응하는 한국 설화 <손 없는 색시>의 문화 교육적 중요성을 언급하였다. 두 설화는 주인공이 여성이며, 특히, 여성이 일생 동안 수행하게 되는 딸, 아내, 며느리, 어머니로서의 역할이 분명히 드러난다. 그리고 ‘결혼’을 통해 결혼이주여성들이 직?간접적으로 접하게 되는 여러 문제들이 설화 속에 나타나 있기 때문에 교육적 의의가 있다. 셋째, 두 설화를 비교 분석함으로써 설화 속에 공통으로 드러나는 문화 교육 요소를 선정하였다. 먼저 가족 관계에 초점을 두고 문화 교육 요소를 추출하였으며, 설화의 주요 모티브인 ‘손’과 관련한 관용어를 언어 문화 교육 요소로 제시하였다. 넷째, 이러한 논의를 바탕으로 설화 비교를 통한 한국 문화 수업의 모형을, ‘설화 읽기 교수-학습’과 ‘문화 교수-학습’으로 나누고, 그 실제를 수업 활동을 예로 들어 제시하였다.문제중심학습"
마스크를 쓴 몽골아동에 관한 기억,한광웅,2012,"본 연구는 글쓰는 주체의 기억을 구성하는 자서전적 글쓰기에 기반을 두고 있다. 자서전적 글쓰기는 글쓰는 주체의 기억을 다룬다. 자서전적 글쓰기는 기억의 억압에 의해 조각난 기억의 파편을 수집해서 이어붙이는 것이다. 본 연구는 마스크를 쓴 몽골아동에 대한 기억을 1인칭 서술시점에서 기술하였다. 이를 통해 사회적 소수자의 주체성이 형성되는 과정과 경로에 대해 고찰하려 하였다. 뭉케가 쓰고 있는 마스크는 우리나라와 몽골 고향 간 사이공 간에 거주하고 있는 양가적 존재, 혹은 경계인으로 뭉케가 자신을 바라보는 시선을 머금고 있었다. 이방인으로 뭉케는 거주하는 삶의 공간인 우리나라에 원주민처럼 정주하여 거주하는 이룰 수 없는 꿈을 꾼다. 경계인으로 뭉케가 처해 있는 존재의 딜레마는 뭉케가 지금까지 살아온 삶의 힘이었다. 뭉케가 쓰고 있는 마스크가 나타내는 침묵은 경계선상에 선 양가적 존재로서 자신의 딜레마와 그 긍정성을 웅변하고 있었다.문제중심학습"
한국과 몽골 수학 예비교사들의 수학인식론적신념 비교,"뭉흐체첵, 박양주",2019,"본 연구는 한국과 몽골 수학 예비교사들의 수학인식론적신념을 비교함으로써 심도있는 이해를 도모하기 위하여 수행되었다. 이를 위하여 기존의 수학인식론적신념 검사 도구(박철영, 2012)를 이중번역(double translation) 방법을 통하여 몽골어로 번안하였으며, 각국 언어로 구성된 검사를 실시하여 양국 수학 예비교사들의 검사 결과를 비교하였다. 번안된 검사의 타당화 검증 과정에서 원래의 38 문항 중 8개 문항이 제외되고, 30개 문항으로 구성된 도구로 본 검사를 실시하였다. 몽골과 한국 수학 예비교사들의 수학인식론적신념을 비교하기 위하여 국가, 성별, 학년 간 삼원변량분석을 실시하였다. 연구 결과, 전체적으로 몽골 수학 예비교사들의 평균(3.16)이 한국 수학 예비교사들의 평균(3.06)보다 유의미하게 높게 나타났다. 하위 요인별로 살펴보면, 선천적 능력, 수학학습효능감, 학습속도, 수학적지식의구조의 네 개 요인들에서 몽골 수학 예비교사들의 평균이 한국보다 유의미하게 높았다. 한국 수학예비교사들은 수학의 유용성, 수학적 문제해결의 두 요인에서 몽골보다 통계적으로 유의미한 수준에서 높게 나타났다. 상호작용 효과는 국가와 성별 간에만 유의미한 것으로 나타났으며, 하위요인별로는 수학적문제해결 요인에서만 유의미했던 것으로 나타났다.문제중심학습"
몽골 정부의 최근 교육개혁 정책에 대한 교사의 인식과 개선 방안: ?수업혁신 핵심프로그램?을 중심으로,"바옌사이칸 바아산쿠, 남수경",2017,"이 연구는 몽골 정부가 2014년부터 전국적으로 시행하고 있는 「수업혁신 핵심프로그램」을 중심으로 교육개혁정책에 대한 교사의 인식을 조사하고 향후 개선 방안을 찾는 데 목적이 있다. 이를 위하여 울란바토르 소재 6개 학교의 교사（최종 분석 291명）를 대상으로 설문조사 연구를 실시하였다. 조사 결과，첫째，교사들은 ‘핵심프로그램’에 대한 이해도 및 만족도, 자신감은 높았으나, 프로그램의 운영 과정 및 평가 부분은 제대로 진행되지 못하고 있다고 인식하였다. 둘째, 교사들은 ‘핵심프로그램’의 성공적 시행을 위해서 가장 중요한 요소로 교육재정과 좋은 환경 및 시설을 선택하였다. 셋째, 교사의 개인배경이나 학교 특성에 따라서 ‘핵심프로그램’에 대한 동의 정도와 운영에 대한 평가에서 차이를 보였다. 연구 결과를 토대로 향후 정책적 개선점으로 학교 환경 및 시설에 대한 우선적 개선, 저경력교사에 대한 교사 연수와 집중훈련의 강화, 학생평가에 대한 이차평가시 교사의 자율성과 전문성 보장 노력 등을 제시하였다.문제중심학습"
회화적 담화 능력 신장을 위한 몽골인 학습자 대상 한국어 말하기교육 연구,바트체첵,2017,"본 연구는 몽골인 학습자를 대상으로 실시하는 한국어 말하기교육에서 회화적 담화 능력을 신장하기 위한 교육 내용을 설계하는 것을 목적으로 한다. 한국과 몽골은 1990년도에 최초로 수교했고 수교가 이루어진 시기를 기점으로 몽골에서의 한국어교육은 본격화되기 시작했으며 큰 이변 없이 활성화되어가고 있다. 수교 후 두 나라의 교류는 교육, 경제, 의료, 관광, 과학기술, 농축산, 문화예술 등 다양한 분야에서 이루어지고 있고, 몽골인의 한국 유입이 증가하면서, 유학, 취업, 의료, 결혼 등 한국어 학습 목적도 다변화되고 있다. 이에 따라 몽골인 학습자의 한국어 학습 목적에 맞는 한국어 능력의 신장이 중요한 현안으로 부상하고 있다. 본 연구에서는 몽골인 한국어 학습자의 주요 학습 목적인 유학, 취업, 의료, 결혼 등을 달성하기 위해서는 공통적이고 기초적인 말하기 능력을 갖추는 것이 가장 긴요하다고 보았다. 특히 몽골인 한국어 학습자를 위해서는 한국어 말하기 가운데 특별히 회화 능력이 필수적으로 요청되는 것으로 보고, 한국어 말하기 능력 중 회화적 담화 능력을 개념화하였으며, 이를 신장하기 위한 교육 내용을 설계하기 위해 다음과 같은 절차로 연구를 진행하였다. 본 연구 I장에서는 연구의 목적 및 필요성, 연구 대상 및 연구 방법을 밝히고 선행 연구를 검토하였다. 선행 연구에서는 한국어 말하기교육과 회화, 담화 능력, 구어 담화와 관련한 연구, 몽골 내 한국어교육, 몽골인 한국어 학습자를 대상으로 한 연구를 비판적으로 살펴보았다. II장에서는 회화적 담화 능력 교육의 설계를 위한 이론화를 이루고자 하였다. 외국어 교육에서의 말하기교육을 다룬 이론과 말하기 활동과 방법을 살피고, 회화적 담화 능력의 개념과 구성 요소를 검토하였다. 더불어 교육 내용 선정을 위한 요구 분석 이론을 살피고, 비판적 담화 분석의 개념과 중요성도 피력하였으며 교육학에서의 교수 설계에 관한 제반 이론들을 점검하였다. III장에서는 몽골인 대상 한국어교육의 현황을 몽골 내와 한국 내로 나누어 파악하였다. 이때 몽골 내 한국어교육의 흐름과 변화를 객관적인 통계자료를 통해 살폈으며, IV장에서는 회화적 담화 능력 교육을 설계하기 위하여 한국어교육의 이해관련자를 대상으로 한국어 말하기교육에 관한 요구 분석을 실시하였다. 본 연구의 요구 분석 대상으로 다양한 목적의 몽골인 한국어 학습자, 몽골에서 한국어를 가르치고 있는 원어민과 비원어민 교사, 몽골 한국어학과 졸업자를 채용하고 있는 한국계 회사 직원, 한국에 체류 중인 몽골인 유학생, 몽골인 노동자 등을 다양하게 포함하여 조사하였다. 또한 요구 분석과 병행하여 비판적 담화 분석을 시도함으로써 일간지에 담겨진 몽골과 몽골인에 대한 인식, 한국어 말하기교육과 관련한 시사점들을 도출하였다. 이러한 과정을 통해 V장에서는 한국어 말하기교육에서 보다 체계적이고 효율성 있는 회화적 담화 능력 신장을 위한 교육 설계 내용을 마련하고자 하였다. 요구 분석 결과와 비판적 담화 분석에서 도출한 연구 내용을 통해 몽골인 한국어 학습자를 대상으로 한 회화적 담화 능력을 향상시키기 위한 교수 원리로 ‘구어 산출의 자동성 강화, 실생활 과제의 반복 연습, 인접 쌍 중심성, 다매체 활용의 증진’을 설정하였다. 그리고 몽골 내 회화적 담화 능력 교육의 실천 방안을 구안하였으며 학습 단계별 교수 방안도 마련하여 제시하였다. 본 연구에서 사용한 연구 방법으로는 문헌 연구, 질문지법, 면담법, 비판적 담화 분석 등이 있다. 본 연구는 몽골인 한국어 학습자를 대상으로 한 말하기교육의 중요성을 논증하였으며 회화적 담화 능력 교육의 원리를 제안하고 몽골 내 회화적 담화 능력 교육의 실천 방안과 학습 단계별 회화적 담화 능력 향상을 위한 교수 방안을 구안한 것에 의의가 있다.문제중심학습"
몽골 야탁과 북한 가야금의 교본 비교 연구,박소현,2010,"본 연구는 북한에서 1958년에 예술대학 가야금 기초학습을 위해 출판된 정남희, 안기옥 공저『가야금 교측본』과 몽골에서 1987년에 최초로 출판된 야탁교본인 체. 체렌허를러의 『야탁교본』을 통해 연주자세, 조율법, 연주법 등을 비교한 것이다. 몽골은 19세기 중국 청나라에게 정치적，문화적 억압을 받았고，20세기 사회주의라는 이데올로기로 인하여，전통음악문화의 손실이 있었다. I960년대 잊혀지고 사라진 전통음악문화의 재건에 주력하던 중，북한 가야금 연주자 김종암을 통해 몽골 음악무용학교 야탁반 학생들은 북한 가야금을 교육 받았다. 이후 김종암의 몽골 제자들은 몽골 야탁음악을 위해 다양한 몽골 전통음악 활동을 펼치며，몽골 야탁음악을 부활시켰다. 북한 가야금과 몽골 야탁의 교본을 비교한 결과 현재 몽골 야탁 연주자들은 가야금 연주법을 그대로 수용한 것이 아닌，몽골 야탁 연주법을 개발한 것이다. 이는 양국 교본에 나타난 연주자세의 차이점，조율법 체계，연주법을 통한 음악표현의 상이（相異）점에서 발견할 수 있다. 북한의 가야금과 몽골의 야탁은 유형의 매개물인 가야금이란 외형으로서 같다. 그러나 그 내면에 존재하는 각기 다른 연주법은 자국의 전통음악문화로 말미암아 그 독특함을 가지고 있다.문제중심학습"
몽골인 학습자의 한국어 자음 오류 연구,박정은,2015,"본 연구는 몽골인 학습자의 한국어 자음오류를 살펴보는 것을 목적으로 한다. 실제 발화상황에서 나타나는 학습자의 자음오류를 찾기 위해 몽골인 28명의 말하기시험 내용을 녹음하였고, 자음오류가 나타난 85개의 단어를 선별하였다. 그리고 오류판정의 객관성 확보를 위해 한국인 41명에게 선별한 85개의 단어를 들리는 대로 쓰도록 하였다. 한국인 응답자 중 50% 이상이 부정확한 발음이라고 판정을 내린 자음을 중심으로 자음오류 유형을 살펴보았다. 몽골인 학습자의 자음오류를 평음-격음-경음의 오류, 마찰음 오류, 연구개음 받침 오류, 음절 종성 불파현상 비적용 오류, 유음 오류로 나누어 살펴보았고, 이를 토대로 한국어 자음 교육 방안을 제시하였다. 본고는 학습자가 실제로 발화하는 상황에서 학습자의 자음오류를 찾아내고, 한국어 모어화자의 발음 인식을 토대로 분석했다는 점에서 연구의 의의를 지닌다. 본 연구가 몽골인 학습자를 대상으로 한 한국어 발음교육에 관심을 가지는 한국어교사들에게 도움이 되기를 기대한다.문제중심학습"
몽골인 한국어 학습자의 격조사 ‘을/를’에 대한 오류 분석 및 교육 방안 연구,벌러러,2015,"본고에서는 몽골어의 ‘ыг/ийг/г’ 목적격 어미와 한국어의 ‘을/를’ 목적격 조사를 대조 분석하여 유사점 및 차이점을 밝히고자 한다. 또한 몽골인 한국어 학습자가 범하는 목적격 조사 사용 오류의 원인을 밝히고, 몽골인 학습자를 위한 효과적인 교육 방안을 제시하는 것이 본고의 목적이다. 연구 순서는 다음과 같다. 먼저 각 언어에 관한 기존 연구를 바탕으로 한국어 격조사 ‘을/를’의 오류 양상을 살펴본 후에 글쓰기 및 문장 만들기, 틀린 문장 찾기, 몽·한 번역 등으로 구성된 설문조사를 통해 몽골인 한국어 학습자의 목적격 조사 사용 오류의 원인 및 양상에 대해서 자세히 살펴본다. 그리고 몽골어와 한국어 목적격 조사의 대조 분석을 토대로 몽골인 한국어 학습자를 위한 목적격 조사 ‘을/를’에 대한 효과적인 교육 방안을 제시한다.문제중심학습"
어윤치미크에게 말 걸기- 한 몽골 여성과의 만남을 통해 본 다문화교육 -,서덕희,2007,"나는 이 글에서 한 몽골 여성과의 만남에서 촉발된 선입견의 개방이 어떠한 과정을 거치는지 나의 체험을 중심으로 기술하고, 분석?해석함으로써 다문화교육을 ‘계획’이 아니라 ‘체험’으로 이해하고자 하였다. ‘계획’으로서의 다문화교육은 다문화적 상황 속에 처해 있는 바로 그 사람들의 체험과 관계에 대한 이해에 관심을 가지기보다는, 다문화교육이라는 교육과정의 투입-산출에만 관심을 기울이기 쉽다. 나는 이런 관점에서 관광이라는 다문화적 상황에서의 나의 체험에 주목하여 관광가이드인 한 몽골 여성과의 관계에 대한 이해의 과정을 교육의 관점에서 이해해보고자 하였다. 그 결과 ‘체험’으로서의 다문화교육은 다문화적 상황에서의 자신의 체험을 맥락화하는 과정에서 선입견이 생성되고 깨어지는 과정을 비판적으로 분석하고, 그들과의 중복된 체험 속에서 그들과 자신이 서로 같지 않지만 또 다르지도 않다는 것을 깨달아 나가는 과정임을 알게 되었다. 다문화적 상황이 국민국가, 종교, 인종, 성, 연령, 장애뿐만 아니라 문화 간 차이를 인지하는 당사자의 안목에 의하여 존재한다고 본다면, 다문화교육은 일상 속에서 상존할 수밖에 없는 객체화, 전체화 혹은 지배문화의 미시권력 행사에서 벗어나 공감과 연대의 힘을 키우는 삶의 형식이라고 말할 수 있다.문제중심학습"
몽골출신 결혼이주여성의 진로경험에 관한 연구,"알기르마, 김영순, 박미숙",2015,"본 연구의 목적은 몽골출신 결혼이주여성의 진로개발에 영향을 주는 요인을 탐색하고 결혼이주여성들의 진로개발 방안을 제시하는 것이다. 이를 위해 몽골출신 결혼이주여성 9명을 대상으로 2013년 8월부터 2014년 5월까지 심층인터뷰를 실시하였다. 인터뷰내용은 크럼볼츠(Klumboltz)의 사회학습이론에서 제시하는 진로결정요인 4가지, 즉 유전적 재능과 특별한 능력 요인, 환경적 조건과 사건 요인, 학습경험요인, 과제접근기술 요인으로 질문지를 구성하고 심층 인터뷰를 통하여 내용을 분석하였다. 연구결과 첫째, 몽골인은 한국인과 외모가 비슷하고 동양적인 사고를 가지고 있는 것과 몽골인의 특성인 진취적이고 빠른 적응이 한국 사회에서 진로를 선택하는데 많은 도움이 되었다. 둘째, 다문화사회로 접어든 한국사회가 다양한 다문화정책과 다문화관련 프로그램이 다문화관련 직업을 선택할 수 있게 되었다. 그러나 다문화 관련 직업이 장기적이거나 비젼을 가질 수 없는 현실이 안타깝다고 하였다. 셋째, 몽골출신 결혼이주여성은 한국어 능력과 모국에서의 학습경험이 진로를 결정하는데 영향을 주고 있었다. 그러나 모국에서의 경험이나 자격을 인정받지 못할 때에는 다른 직업을 선택할 수밖에 없다고 하였다. 넷째, 다양한 교육프로그램에 참여하고 제공받으면서 미래를 대처할 수 있는 자신의 능력을 향상시키고 있었으며 자원봉사 등 사회활동이 자신의 진로개발에 도움이 되었다. 이를 바탕으로 결혼이주여성의 진로개발 방안을 제시하였다.문제중심학습"
한국 ? 몽골 전통문화를 활용한 다문화 가정의 상호문화교육콘텐츠 연구,양민정,2015,"본고에서는 한국과 몽골의 전통문화, 특히 전통혼례와 설. 추석(나담)의 대표 세시풍속을 활용한 다문화 가정의 상호문화교육콘텐츠를 제시하고자 하였다.1) Ⅱ장에서는 첫째, 한국. 몽골 문화의 역사적 관련성과 의미에 대해 살펴 보았다. 둘째, 양국 간 전통문화를 활용한 다문화 가정을 위한 상호문화교육 필요성에 대해 논의하였다. Ⅲ장에서는 한국. 몽골 전통문화 중 대표적 두 유형, 즉 전통혼례와 세시풍속(설. 추석-나담축제)의 특징에 대해 살펴보았다. Ⅳ장에서는 Ⅲ장의 두 유형의 전통문화를 공통점과 차이점 중심으로 비교 분석하였다. Ⅴ장에서는 Ⅳ장 논의를 근거로 한국. 몽골 구성원 가정을 위한 상호문화교육콘텐츠를 제시하였다. 본고는 민속학 분야의 학술적 전공 연구는 아니다. 한국과 몽골과의 교류, 특히 몽골 여성의 결혼 이주 현황이 급증하면서 보다 긍정적이고 바람직한 다문화 가정으로의 정착, 나아가서는 한국형 다문화 구성원의 사회통합에 기여할 수 있는 상호문화교육콘텐츠를 제시하고자 시도되었다. 논의를 위해 양국 간 전통문화를 활용하였다. 본고는 한국. 몽골 간 전통문화 분석을 통하여 정주문화 및 유목민문화의 사유방식을 이해할 수 있는 기초를 마련한 연구의의도 있다고 본다. 나아가 다문화 가정 구성원의 실질적인 상호이해와 소통에 실질적, 교육적 자원으로 활용될 수 있을 것으로 기대한다.문제중심학습"
재한 몽골 유학생의 중도 탈락 경험에 관한 질적 연구,"양징르함, 김사훈",2019,"본 연구의 목적은 한국 고등교육 기관에서 교육을 이수하고 있는 유학생들의 중도 탈락 현상의 원인을 심층적으로 분석하기 위함에 있다. 이를 위하여 Tinto(1975)의 상호작용 모형을 이론적 분석틀로 활용하여 명의 연구참여자들의 면담을 분석하였다. 연구 참여자들의 중도탈락은 학업적, 사회적 통합의 어려움으로부터 비롯되고 있는데, 구체적으로 어떠한 어려움이 있었는지, 어떠한 경험과 부적응이 학생의 중도 탈락의 결정적 계기가 되는지를 살펴보았다. 이 결과, 본국에서보다 현저하게 낮아진 자신의 학업 성취 결과를 감수하기, 상호작용의 부재로 인한 고립감, 한국어 장벽 외에도 느껴지는 영어 장벽, 취직 관련 희망이 없는 유학 생활이라는 인식 등이 중도탈락을 하게 되는 결정적 원인이 되고 있었다. 이러한 측면에서 봤을 때 중도 탈락에 관한 결정은 자의적 결정이라고만 간주하기는 어렵다. 대학, 사회, 유학생의 미래 진로 등에 대한 성공적인 연결 고리가 유기적으로 이어질 때, 유학생은 안정적인 학업 생활을 계속해갈 수 있을 것이다.문제중심학습"
몽골 대학의 한국어 교재에 나타난 유의어 분석,에르덴수랭,2013,"외국어를 학습할 때 기본 문법이나 어휘를 배우는 것이 중요하지만 학습자들이 초급 단계에서 중, 고급 단계로 올라갈수록 상황에 적합한 어휘를 사용하고 보다 정확하게 그 의미의 차이를 이해하는 것이 중요하다. 그리하여야 자신이 전달하고자 하는 의미를 정확하게 표현하고 상대방의 의도를 이해할 수 있는 전문적인 인재로 발전할 수 있기 때문이다. 특히 몽골인 학습자들의 특징은 비한자문화권 한국어 학습자고 또한, 영어보다 러시어가 가까운 이유로 학습 단계가 올라갈수록 어휘 교육에 어려움을 겪고 있다. 그래서 어휘 중 유의어 학습을 개선 할 수 있는 방법으로 학습자 및 교사를 위한 유의어 쌍 목록집을 제시하는 것이 효과적이라고 판단하였다. 이번 연구는 몽골인 한국어 학습자와 교사를 위한 교육용 기본 유의어 쌍 목록집을 제시하기 위하여 한국어 연구의 주 자료들을 통하여 한국어 교육용 기본 유의어 쌍 추출 목록을 선정하고 몽골에서 대표적인 몽골국립대학교 및 몽골인문대학교의 한국어 학과에서 사용하는 한국어 교재에 나타난 유의어를 분석하였다. 그래서 몽골인 학습자를 위한 교육용 한국어 기본 유의어 쌍 목록 선정 및 몽골대학교 한국어 학과에서 사용하는 교재의 색인 부분에 없지만 한국어교육용 기본 유의어 추출 목록에는 존재하는 유의어 쌍 중 선별하여 몽골인 학습자를 위한 한국어 교육용 기본 유의어 쌍 보완 추출 목록을 선정하였다. 그 결과 명사유의어 460쌍(43.9%), 동사유의어 354쌍(33.6%), 형용사유의어 136쌍(12.9%), 부사유의어 101쌍(9.6%)으로 총 1051쌍을 추출하였다. 단계별로 보면 초급 단계 154쌍(14.6%), 중급 단계 353쌍(33.5%), 고급 단계 546쌍(51.9%)으로 구성하여 선정하였다.문제중심학습"
몽골의 통·번역 전공 한국어 교육과정에 대한 비판적 검토- 몽골국립과학기술대학교의 사례를 중심으로,"엥크체첵, 김영란",2017,"최근 몽골에서의 한국어교육 목적은 학습자의 요구에 따라 일반적 의사소통이 아닌 통·번역 능력 향상으로 고도화되었다. 이에 따라 몽골국립과학기술대학교는 교육 목표와 교육과정을 개정한바, 과학·기술 분야에서 통·번역이 가능한 인재 양성을 지향하고 있다. 그러나 이러한 변화의 과정에서 교육 목표에 따른 교육과정 및 그에 따른 교재 선정 측면에서 여러 보완해야 할 문제를 안고 있다. 이에 우리는 현재 몽골과기대의 한국어 교육과정을 비판적으로 검토하고, 주어진 여건 내에게 보완할 수 있는 지점을 제안하고자 한다. 우선 몽골과기대의 한국어 교육과정은 문법과 구어 교육에 상당히 치중하고 있는 바, 학습자가 과학·기술적 문식능력을 향상하는 데 어려움을 겪고 있다. 향후 과학·기술 분야를 다루는 언어 능력과 문어 능력을 신장하는 교육과정으로 보완하기 위해 새로운 교과목 설정을 제안하였다. 그리고 일부 위계성이 결여된 교과목의 개설 시기를 수정할 것을 제언하였고, 한국어 구어와 문어, 과학·기술 분야의 특화된 언어 능력을 고루 신장할 수 있도록 수업 시수 조정이 필요하다. 마지막으로 최근 몽골 학습자용 교과서가 개발된바, 현재 활용되고 있는 일부 교재 변경을 제언하였다.문제중심학습"
한국과 몽골의 역사문화유산을 활용한 학습방안 구축,오일환,2012,우리나라에는 몽골의 영향을 받은 역사문화유산과 생활민속이 다양하게 남아있다. 그러나 한?몽 간의 국제문화 이해를 위하여 역사적 시각자료를 활용한 학습방안 및 콘텐츠 구축에 대한 연구는 매우 중요한 과제이지만 오늘날 한?몽 관계의 한계와 현실 속에서 연구가 부족한 실정이다. 본 연구는 이러한 인식에서 우리나라와 몽골의 역사문화 유적을 활용한 문화사적 융복합의 학습방안을 구축하고자 하였다. 연구방법으로는 한?몽 간의 역사문화를 이해하기 위하여 7차 교육과정과 2009 개정 교육 과정의 국내 중학교와 고등학교의 역사와 사회 교과서에 나타난 몽골인식과 박물관을 비롯한 문화기관의 전시현황을 분석하였다. 이를 바탕으로 국내의 몽골 역사문화유산과 생활민속 자료를 활용한 문화사적 학습방안 및 몽골지역의 문화유산과 자연환경을 활용한 몽골이해 학습방안을 구축하였다. 연구결과로 한?몽 간의 역사적 인식과 문화적 교류를 증진하기 위해 국내에 남아있는 몽골 영향의 역사문화유산에 대하여도 세계사적 시각에서 학습 자료화하여 활용하는 방안을 제시하였다. 이러한 한?몽 간의 역사문화유산을 통한 문화사적 융복합의 학습방안은 교과 교육과정의 학생이나 일반인을 대상으로 국제문화의 특징을 이해하는 시각적 학습 뿐 아니라 양국을 이해하는 인문학적 연구의 기초로 활용할 수 있다.문제중심학습
몽골의 ‘항가이’지역의 단위학교 학교운영비 배분 결정요인 분석,"을지새항, 천세영, 김수구",2011,"이 연구는 교육재정 배분에 있어 중앙집권적인 특성이 강한 몽골의 교육재정배분에서 발생하는 다양한 문제점을 해소하고, 단위학교를 운영하는데 있어서 효과적인 재정배분을 하기 위한 방안으로 학교재정배분의 결정 요인을 찾고, 이러한 요인들로 단위학교 재정배분에 적용될 수 있는 포뮬러 펀딩 모델을 제시하고자 하였다. 연구 결과의 도출을 위하여 문헌연구를 통하여 몽골의 단위학교 학교운영비 배분을 결정하는 결정요인을 설정하였으며, 몽골의 ‘항가이‘지역의단위학교를연구대상으로하여10년제와12년제학교결산서를 초등과정 및 중등과정으로 분리하여 단위학교 결산서에 나타난 학교운영비를 종속변인으로, 이 연구에서 설정한 학교운영비 결정요인을 독립변인으로 설정하여 중다회귀 분석을 실시여 포뮬러 펀딩 모델을 개발하였다. 이 연구에서 제시된 포뮬러 펀딩 모델 결과는 첫째, 초등학교는 학생당 254,700?, 10년제 학교의 경우는 중학생당 275,624?, 중학교과정 5학급 미만인 학교의 경우 학교당 9,294,972?이 더 배분 되어야 하며. 12년제 학교의 경우 중?고학생당 189,946?, 도시 이외 지역의 학교인 경우 학교당 14,760,660?이 더 배분될 필요가 있는 것으로 나타났다.문제중심학습"
이주근로자 가정의 사회적 관계망과 자녀교육 기획: 몽골학교 학부모들의 학교선택과 그 의미화를 중심으로,"이민경, 김경근",2012,"이 연구는 가족이주의 특성이 두드러지는 몽골 이주근로자 가정 학부모들이 한국사회에서 체류하는 동안 어떻게 자녀교육을 기획하고 실천하며 의미화 하는지를 그들이 맺는 사회적 관계망과의 연관 속에서 탐구한 것이다. 구체적으로, 이 연구는 몽골 이주근로자 가정의 사회적 관계망이 한국사회 정착 과정에 어떻게 영향을 미치며, 어떤 과정을 통해 자녀교육 기획으로 연결되는지, 그리고 자녀교육 기획과 실천이 어떻게 다시 새로운 사회적 관계망 형성과 연결되는지 분석하였다. 연구 결과, 몽골학교 학부모들이 한국에서 자녀교육 공간으로 몽골학교를 선택하는 사례는 적극적 선택과 소극적 선택으로 나눌 수 있었다. 적극적 선택은 자녀교육 계획과 향후 진로 등을 고려하여 의도적으로 자녀를 한국의 일반학교에 보내지않고 몽골학교로 취학시키는 경우이고, 소극적 선택은 한국의 일반학교에 자녀를 보내고 싶지만 취약한 정보력, 부모의 신분노출 위험, 자녀의 부적응에 대한 두려움 등의 이유 때문에 차선책으로 몽골학교에 자녀를 취학시키는 경우라고 할 수 있다. 이 같은 분석 결과를 바탕으로 후속 연구의 필요성과 정책적 시사점을 제시하였다.문제중심학습"
노동-유학-자녀교육의 동맹: 몽골 이주노동자 가정의 이주ㆍ정착ㆍ귀환의 행위자 네트워크(ANT),이민경,2015,"이 논문은 몽골 이주노동자 가정의 한국으로의 이주, 정착과 귀환으로 이어지는 이주의 순환과정을 자녀교육을 둘러싼 행위자 네트워크 이론(Actor-Network Theory:ANT)으로 분석한 것이다. 일반적으로 이주노동자의 이동은 경제적 목적을 위해 국경을 넘는 ‘노동력’의 이동으로 인지된다. 그러나 이주노동자의 이동은 이주 당사자의 개인적 삶의 선택의 문제인 동시에 국가간 관계, 각국의 사회문화적 환경 등 다양한 인간ㆍ비인간 행위자들이 개입되는 복합적 과정이다. 행위자 네트워크 이론(ANT)은 이주노동자를 세계화의 수동적인 행위자로 이해했던 기존의 연구틀을 벗어나 이들의 이주와 정착 혹은 귀환의 과정을 송출국과 정착국의 관계, 관련 정책과 제도 등과 상호교차하면서 자신들의 삶을 기획하는 적극적인 행위자로 바라봄으로써 연구의 외연을 확장하고 깊이를 심화시킬 수 있는 가능성을 제시한다. 이 연구는 몽골 이주노동자가 자녀를 동반하는 한국사회 최대 이주노동자 집단이라는 점에 주목하여 이들의 이동을 자녀교육과의 연관 속에서 다양한 행위자들이 개입하는 복합적인 과정으로 파악하고자 하였다. 이를 위해 한국사회에서 자녀를 동반하면 살고 있는 몽골 이주노동자들과 재한 몽골학교 현장전문가를 심층 인터뷰하여 이들의 이주와 정착, 귀환과정을 행위자네트워크에 의해 탐구하였다. 이를 통해 한국 사회에서 ‘이주노동자’라는 호명이 블랙박스(black box)로 작동함으로써 드러나지 못하는 자녀교육을 둘러싼 몽골 이주노동자 가정의 다양한 삶의 과정과 경험을 다층적으로 분석하였다.문제중심학습"
팀 프로젝트 기반 환경주제 사회문제해결 프로그램 참여 대학생들의 환경 인식 변화 연구: 한국·몽골 대학생 중심으로,"이윤선, 고명희, 김재선, 김수영",2019,"본 연구의 목적은 한국과 몽골 대학생을 대상으로 팀 프로젝트 기반 환경주제 사회문제해결 프로그램을 실행하고 참여한 대학생의 환경에 대한 인식 변화를 고찰하는 것이다. 프로그램은 한국과 몽골 교수진이 공동으로 개발하여 내용전문가의 자문을 받아 최종 정리하였고, 개발된 프로그램은 2017년 서울소재 S대학교에서 교양 필수 과목인 환경주제 사회문제 해결수업 수강생 34명과 환경주제 사회문제 해결 동아리 활동을 한 울란바토르시 소재 U대학교 학생 12명에게 실행하였다. 프로그램 진행과정에서 수집된 두 성찰일지를 분석한 결과, 대학생들은 환경에 대한 지식 및 이해, 태도 및 가치관, 기술, 그리고 실천적 의지 측면의 변화를 경험하였다고 보고하였다. 특히, 환경에 대한 지식 습득 및 생태학적 관점에서 환경을 바라보는 관점의 변화, 환경문제에 대한 책임의식, 연대의식, 협동, 존중과 배려 등의 태도, 가치관 및 기술의 변화, 그리고 환경문제를 해결하기 위한 일상에서의 실천의지를 포함하는 통합적인 교육효과가 있었다고 한다. 특히, 학생들은 팀 프로젝트 수업에서 자신의 의견을 나누고 동료학생들의 말을 경청하는 토의활동을 통해 공감적 의사소통능력이 향상되었다고 보고하였다. 한국과 몽골 대학생들이 같은 학기에 동일한 환경 프로젝트를 진행함으로써, 환경문제가 세계적 문제이며 세계 모든 사람들이 책임감을 가지고 함께 해결해야한다는 글로벌시민의식 함양에도 긍정적 영향을 미쳤다.문제중심학습"
몽골 해외봉사자를 위한 유아 수학교육 프로그램 개발에 관한 연구,"이소정, 이정욱",2013,"본 연구는 몽골에 파견된 해외봉사자가 효율적인 수학교육을 실시할 수 있도록 지원하는 유아 수학교육 프로그램을 개발하는데 목적이 있다. 연구방법은 개입연구(Interventim Research)를 토대로 하여 개입연구의 '보급’단계를 제외한 5단계에 따라 몽골 해외봉사자를 위한 유아? 수학교육 프로그램을 최종 구성하였다. 연구결과，몽골 해외봉사자의 면담조사와 현장조사 결과를 근거로 '개입 구성요소’와 ‘개발 원칙’을 개발하였으며 몽골 유치원 예비반 수학교육과정과 그룹 게임에 대한 정보를 수집하고 통합하여 16개의 회기별 프로그램과 초기 프로그램 그리고 후기 프로그램의 개발 단계를 거쳐 몽골 유치원 예비반 수학교육과정의 ‘수와 연산’, ‘공간과 기하’의 수학적 요소를 포함한 28개 그룹게임의 교육활동으로 구성된 유아 수학교육 프로그램을 최종 구성하였다. 본 연구롤 통해 몽골 해외봉사자의 실천 현장과 연관성 있는 깨입’을 개발하고 몽골 유아교육 현장과 몽골 해외봉자사의 여건에 적합한 교육올 실시할 수 있도록 지원하며, 몽골 해외봉사자의 어려움을 극복할 수 있는 방법을 모색하여 몽골 해외붕사자 효율적으로 교육 활동을 실시할 수 있도록 해야 함을 알 수 있었다. 따라서 해외봉사자의 유아교육 봉사활동 실천 현장에 대한 정보나 자료를 확보하는 것，해외봉사자의 유아교육 봉사활동올 지속적으로 지원할 수 있는 프로그램을 개발하고 활용하는 것, 이를 위해 유아교육 전문 인력을 개발하고 전문 인력을 참여시키려는 노력이 필요함을 제언하고자 한다.문제중심학습"
한국과 몽골의 문화 및 교육 발전 교류 양태에 관한 연구,이진안,2001,"냉전체제의 종식과 함께 몽골은 정치적으로 사회주의 체제에서 자유 민주주의 체제로 전환하며 경제적으로는 공산주의 계획경제에서 자본주의 시장경제 체제로 바뀌는 격변기를 겪고 있다. 한국과 몽골이 1990년 이후 국교가 수립된 이후 두 나라의 교류는 다양하고 활발하게 이루어져 왔다. 특히 문화와 교육 분야의 교류는 괄목할 만하다. 긴 안목으로 바라볼 때 한국과 몽골의 교류는 두 나라 모두에게 국제적 관계라는 차원에서 중요성을 띌 전망이다. 이와 같은 배경 하에 본 연구의 목적은 1990년 이후 한·몽 간의 문화 및 교육 교류의 현황과 양태에 대해 고찰하는 것이다. 그리고 한국과 몽골 사이에 현재 이루어지고 있는 교류의 실제에서 나타나는 문제점들을 밝히고, 앞으로 양 국 간에 이루어질 국제 관계에 있어서 더 나은 수준에서 교류가 가능할 수 있도록 방향을 제시하고 있다. 본 연구를 다음과 같은 두 가지 차원에서 논의하였다. 첫째, 최근 10년 간 한국과 몽골 사이에 활발하게 이루어지고 있는 교류는 세계화(globalization ), 특히 문화의 세계화라는 개념과 깊은 관계가 있다. 21세기에 들어서면서 세계의 각 국은 과학과 기술, 그리고 경제의 차원에서 지구촌이라는 거대한 하나의 틀에 들어가는 추세이다. 반면 지금의 세계는 정치, 문화 등의 분야에서는 차츰 다원화되고 다극화되어 가고 있다. 이러한 두 가지 방향에서 이루어지는 세계화의 추세는 특히 제3세계에 속한 국가들에게 여러 가지 심각한 문제들을 안겨주고 있으며, 이는 무엇보다 교육의 차원에서 해결해야 할 과제들이다. 둘째, 교육 부문에서 이루어지는 세계화의 추세는 국가 간에 이루어지는 교육제도의 전이(transfer)문제와 관련된다. 교육의 전이현상은 문화들 간의 종속(dependen ce)의 차원에서 설명할 수 있다. 이 종속의 정도는 한 문화 내에서 이루어지는 외래 문화의 내면화(intern alization )의 정도에 비례한다. 교육 부문에 있어서 국가 간에 발생하는 전이의 과정은 구체적으로 교육내용, 언어, 교사의 측면을 통로로 하여 전개된다. 이 두 가지 문제 중 첫 번째 문제와 관련하여 본 연구에서는 개방화 이후 몽골에서 시행되고 있는 교육의 현황에 대하여 살펴본다. 그 결과, 몽골은 경제적으로 심각한 빈곤 상태에 있으며, 교육 부문에서도 많은 문제들을 안고 있는 것으로 나타났다. 즉, 경제적 지원의 부족으로 문맹률과 중도 탈락률의 증가, 또한 낙후된 학교시설과 교사의 사기 저하 등의 문제가 발생하였다. 두 번째 문제와 관련하여 다음과 같이 논의할 수 있다. 몽골은 1920년대 이후 구 소련의 사회주의 체제를 도입하여 70년 간 이 체제를 유지해 왔다. 따라서 교육제도를 포함한 사회의 전 분야에 있어서 개방화 이후 지금까지도 구 소련의 이념과 제도를 깊이 내면화하고 있다. 이러한 상황에서 몽골은 1990년 이후 세계화의 거대한 흐름 속에 자유 민주주주의 체제로 전환해 가고 있으며, 수 차례의 사회개혁 및 교육개혁을 단행하였다. 이 때 몽골은 자유경제체제 도입을 한국을 통하여 한국의 모델을 따르고 있다. 결국 몽골에서 현재 이루어지고 있는 교육 및 문화 부문에서의 교류나 전이 과정은 몽골 식으로 해석된 러시아의 사회주의 와 한국식으로 해석된 미국의 자유 민주주의 간의 접촉이라 할 수 있다. 한국과 몽골은 각각 외래의 문화 및 교육제도를 도입할 당시 정치, 경제적으로 매우 취약한 상태에 있었다. 따라서 두 나라는 교육내용과 언어, 교사의 세 가지 분야를 통로로 하여 강대국의 문화 및 교육제도를 일방적으로 수용하였다. 그 결과 그 해당 국가들의 문화가 깊이 내면화하고 있으며, 두 나라 모두 교육 부문과 외래 문화에 꽤 종속되어 있다고 할 수 있다. 이에 따라 몽골에서 현재 이루어지고 있는 교육의 전이는 학제나 교육내용, 교재 등의 측면에서 사회주의 체제가 자유 민주주의 체제로 전환하는 과정에서 발생하는 전형적인 갈등과 충돌의 문제를 안고 있다. 반면, 두 나라는 각각 유구한 역사와 고유한 전통 문화를 지니고 있어서 외래문화에의 종속이 심각하게 드러나는 가운데에도 민족적인 차원에서의 자아 정체성 및 자율성을 완전히 잃어버린 상태는 아니다. 특히 교육내용의 부분에서 두 나라는 각 나라의 특수성과 관련된 내용과 더불어 아시아권 문화 특유의 내용들을 포함하고 있다. 또한 외래의 문화 및 교육제도의 도입도 상당부분 자국의 특수성에 맞추어 변형시켰다. 또한 한국과 몽골은 역사적인 차원과 전통 문화의 차원에서 서로 유사성을 갖고 있다. 이와 같은 관점에서 볼 때 한·몽 간의 문화 및 교육 전이는 융합과 조화의 측면을 보여주고 있다. 한·몽 수교 이후 지금까지 정부 차원과 민간 차원에서 활발한 교류가 이루어지고 있다. 특히 민간차원에서 몽골에서의 한국어와 관련된 교육 및 연구가 활성화되고 있으며, 한국 문화의 교류는 어느 정도 조화를 이루고 있다고 볼 수 있다. 한국과 몽골은 앞으로도 사회의 전 분야에 걸쳐서 매우 활발하게 교류를 확대해 나갈 전망이며, 특히 몽골은 앞으로 2005년까지 단계적으로 교육개혁을 시행하고자 계획하고 있다. 이 때 개혁의 골자는 현재 구 소련 식으로 구성되어 있는 몽골의 기본적인 학제와 교육내용을 미국식 내지 한국식으로 해석, 변형된 교육제도로 대체하는 것이다. 이 과정에서 다음과 같은 차원이 고려되어야 할 것이다. 첫째, 몽골은 현재 그들이 겪고 있는 경제적인 절대 빈곤의 상태를 극복하기 위한 차원에서 교육개혁의 방향을 잡아야 한다. 둘째, 앞으로 이루어질 몽골의 교육개혁의 과정에서 발생할 수 있는 문제들, 특히 사회주의 체제에서 자유민주주의 체제로 전환하는 데서 올 수 있는 문제들에 대비해야 할 것이다. 셋째, 문화 및 교육의 전이 차원에서 한·몽 간의 교류를 포함한 국제적 교류에 있어서 몽골이 보다 자율성(aut onomy )을 확보할 수 있도록 도와야 할 것이다. 넷째, 앞으로 한·몽 간에 이루어질 국제적 교류가 협력과 화해의 차원에서 더욱 높은 수준에서 이루어질 수 있도록 이와 관련된 홍보, 프로그램의 운영, 각종 계획의 수립에 있어서 만전을 기해야 할 것이다.문제중심학습"
한국과 몽골 설화를 활용한 한국 문화 교육 연구,이행선,2018,"한 나라의 언어를 배운다는 것은 그 나라의 문화를 알아 가는 과정이다. 따라서 한국어를 상황에 맞게 사용할 수 있도록 언어 속에 담긴 한국적 특징이 가장 잘 나타나 있는 문화 요소를 교수-학습해야 함은 자명한 일이다. 이에 몽골 학습자에게 문화적 차이를 극복하고 한국어 학습과 한국 사회 적응에 도움을 줄 수 있는 한국 문화 교육을 하기 위한 교육 내용과 방법 등을 모색해야 할 것이다. 본 연구는 몽골인 학습자를 대상으로 한국 설화와 몽골 설화에 내재되어 있는 문화 요소를 추출하여 한국 문화 교육에 활용할 수 있는 방안을 모색한 것이다. 나아가 몽골인 학습자를 대상으로 한 한국 문화 교재 개발에 앞서 실제 수업을 위한 단원 구성의 모형을 제시하는 것이 목적이다. 이를 위해 2장에서는 한국어 교육에서 문화가 어떤 개념으로 이해되고 있는지에 대해 그 범위를 한정시켜 한국 문화의 범주 설정과 수준별 교육 목표와 내용을 살펴보았다. 그리고 설화의 전반적인 특징을 살펴 한국 문화 교육을 위한 작품 선정에 있어 설화의 범위를 설정하고 한국 문화 교육에서 설화가 가지는 교육적 활용 가치에 대해 논의하였다. 3장에서는 몽골인 학습자를 위한 한국 문화 교육 내용을 선정하였다. 이를 위해 선정한 몽골 설화 10편과 이에 대응하는 한국 설화 10여 편에 내재되어 있는 공통점과 차이점을 밝혀 한국 문화 교육에서 활용할 수 있는 문화 요소를 추출하였다. 그리고 한국 문화 교육의 내용을, 두 설화의 비교에 기반을 둔 교육 내용과 언어문화적 측면의 교육 내용으로 나누어 제시하였다. 이렇게 선정한 문화 교육 내용은 여러 기준을 통해 학습이 용이한 것부터 어려운 순서대로 배열하였다. 4장에서는 몽골인 학습자를 위한 단원 구성 원리를 모색해 보고 단원 구성 모형을 제시하였다. 먼저 한국 문화 교육용 교재 개발을 위한 단원을 구성함에 있어 몽골 설화의 번역 양상과 학습자의 수준에 맞게 재구성하는 등 읽기 텍스트를 개발해야 함을 언급하였다. 또한 문화 교육 내용은 언어 능력과 관련을 지녀야 한다는 점에서 기능 교육과 연계하여 여러 가지 활동으로의 활용 가능한 방향으로 단원을 개발하여야 함을 강조하였다. 이러한 개발 방향을 토대로 몽골 설화를 활용한 한국 문화 수업에 적용할 수 있는 단원 구성을 개발하였다. 이를 위해 우선 현재 출간되어 있는 한국 문화 교재의 문제점을 분석하고 개선점을 모색하여 한국 문화 교육을 위한 단원 구성 원리를 설정하고, 몽골 학습자를 위한 한국 문화 수업에 적용할 수 있는 단원 구성 모형을 제시하였다. 5장에서는 단원 구성 모형에 맞추어 실제 몽골인 고급 학습자를 대상으로 교수-학습 설계에 따라 교수-학습 지도안을 작성하였다. 그리고 몽골의 <팔 없는 여인>과 한국의 <손없는 색시> 설화를 활용한 비교 문화적 관점에서의 수업 시연을 통해, 한국 문화 교육에 얼마나 효과적인지 확인해 보았다. 수업 시연 후 수업에 대한 설문조사를 실시하고 간단한 인터뷰를 통해 설화를 활용한 문화 수업의 효과에 대해 알아보았다. 이와 같은 연구를 통해 다음과 같은 몇 가지 사실을 확인할 수 있었다. 첫째, 설화 비교 활동을 통해 몽골인 학습자들이 자국민의 문화를 객관적으로 인식하고 한국 문화와 한국인의 사고방식에 대한 이해가 가능했다. 둘째, 몽골설화를 먼저 제시하고 이와 유사한 한국 설화를 제시함으로써, 학습자들에게 몽골 설화와 비슷한 한국 설화에 대한 호기심을 불러일으켰으며 적극적인 태도로 수업에 참여하게 하였다. 셋째, 문화 비교 활동을 포함한 다양한 학습 활동은 언어 기능과의 연계해 진행함으로써, 학습자의 한국어 능력 향상에도 도움을 주었다. 본 연구에서는 몽골 설화를 활용한 한국 문화 교육에 활용하기 위한 교재 개발에의 활용 가능성도 타진해 보았다. 이 연구를 통해 학습자의 모국 설화와 한국 설화를 비교하여 한국 문화 교육 내용을 선정하는 과정을 보여 주었으며, 그리고 한국 문화 교육에 어떻게 활용되는지에 대한 방안과 교재 개발에 앞서 단원 구성 모형을 제시하였다. 나아가 실제 수업 시연을 통해 앞으로의 한국 문화 교육에서 학습자의 모국 설화를 활용하는 것이 가능함을 보여 주었다. 이것이 시사하는 바는, 몽골 학습자뿐만 아니라, 다른 언어권 학습자들에게도 적용할 수 있다는 것이다. 즉, 세계적으로 비슷한 유형이 널리 분포되어 있는 설화이기에, 한국 설화와 유사한 작품이 있어서 한국 설화와의 비교를 통해 한국과 다른 언어권 문화 요소 간의 공통점과 차이점 등을 추출하여 한국 문화 교육에 활용할 수 있다는 것이다. 이러한 측면에서 본 연구가 몽골인 학습자의 한국 문화의 이해를 돕기 위한 기초 자료로서의 가치를 획득하기를 바란다. 또한 문화 요소의 비교를 통해 몽골과 한국의 문화 요소에서 나타나는 공통점과 차이점을 활용한 다양한 활동을 함으로써, 학습자가 능동적으로 자국 문화와 한국 문화에 대한 비교와 이해뿐만 아니라 의사소통 능력의 향상도 함께 도모할 수 있을 것으로 기대한다.문제중심학습"
비판이론적 평가관에서 본 몽골 지역 한국어 교육의 활성화 방안,지현숙,2012,"본 연구는 언어 평가의 다양한 견해를 고찰하고 비판적 평가관에 입각하여 몽골에서 한국어 평가의 현 주소는 어떠한가를 분석하는 것을 주요 내용으로 한다. 본 논문에서는 대표적인 고비중 한국어 시험 몇 가지를 채택하여 그 시험이 가진 수구성과 낮은 타당도를 비판하고 향후의 한국어 시험이 추구해야 할 바를 논의하였다. 실증주의에 대한 대안으로서 등장한 ‘비판이론적’ 평가의 관점에서 한국어 능력 평가가 평가 그 자체로나 평가 연구의 발전을 위하여 어떠한 지향점을 가져야 할 것인가의 논의는 현존하는 한국어 숙련도 시험의 문제점들을 극복할 수 있는 방안을 찾는 길이 된다. 이와 동시에 평가의 워시백 효과에 의하여 몽골에서 이루어지고 있는 한국어 교수-학습이 활성화될 수 있는 실천 과제를 마련할 수 있을 것이다. 본고에서는 몽골 지역 한국어교육이 진보를 이룩하려면 평가 연구의 이론적 기반이 확고해져야 하며, 다음과 같은 네 가지 원리들이 실천되어야 함을 주장하였다. 첫째, 한국어 평가 전문가를 양성하고 전문적인 평가 연구기관을 육성하여 평가 연구의 선진화를 이루어야 한다. 둘째, 다양한 한국어 능력을 평가할 수 있는 다양한 고비중 시험들이 개발되어야 한다. 셋째, 각종 한국어 능력 시험은 각각의 시험이 추구하는 목표에 부합하는 타당한 평가 도구를 개발해야 한다. 넷째, 몽골 내 한국어 교육기관이 시행하는 교실 평가를 개선하는 것에도 깊은 관심을 기울여야 한다.문제중심학습"
몽골 전통음악교육의 현황－일반 초등교육기관 교과서를 중심으로－,"체.오윤게렐, 송병구",2015,"본 연구는 현 몽골 정부의 교육 정책과 몽골 초?중 교육기관에 대한 음악교육 표준안에 포함된 몽골 전통음악교육 지침을 검토하고, 이 정책이 2014년에 개정된 몽골의 일반 초등교육기관 교과서에서 어떻게 반영되었는지에 대한 분석을 중심으로 몽골 전통음악교육의 현황을 고찰한 것이다. 몽골의 초중등학생에 대해 전통음악 학습을 강화하는 정책은 2007년 발의된 ‘새천년개발목표’에서 본격적으로 시작되었으며, 현 정부의 2012년 액션플랜 중 교육개혁 정책에서도 중요시 되고 있다. 이러한 정책을 2014년 개정된 몽골 일반초등학교 음악 교과서를 통하여 검토한 결과 몽골 초등교육기관의 전통음악 교육은 민요 감상과 전통악기 연주 등 학생들의 접근이 용이한 부분부터 시작하여, 학생들이 전통음악에 친숙해질 수 있도록 민요와 율동을 함께 하는 체험 학습을 통해 진행하고 있음이 검토되었다. 특히 감상과 가창 부분에서는 몽골의 유목전통생활과 몽골의 대표 가축들을 가사에 실어 표현한 민요를 주로 담았으며, 소수민족의 전통 민요를 각 민족 별로 분배 및 배치하였다는 점이 주목된다. 소수민족의 전통 민요는 학년 마다 수록되어 있음을 확인 할 수 있는데, 몽골의 소수민족의 전통음악을 초등학교 저학년 때부터 자연스럽게 습득하도록 하였다는 점에서 몽골 전통문화의 정체성을 포괄적으로 포함하는 음악교육을 수행하고 있음을 알 수 있었다. 본 연구를 통한 논의로, 초등교육기관에서의 전통음악 교육을 보다 체계적이며 효과적으로 지도하기 위해서는 몽골 전통음악을 지도하는 교사에게도 전통음악 교안의 작성 및 교수법 훈련을 통한 질적 향상이 필요하며, 전통음악 전문가 양성에 대해서도 관심을 기울여야 한다고 판단된다. 또한 전통음악교육의 부흥에 대한 프로그램과 개혁안은 지속적인 시행을 통해 중장기적으로 이루어져야 할 것이다.문제중심학습"
몽골 역사교과서의 영토교육 내용에 대한 검토 - 중·고등학교 교과서를 중심으로 -,TS. 체렝도르지,2015,"몽골은 러시아와 중국 등 세계 최대 강국들 사이에 위치해 있으나 현재 동아시아에서 영토 이웃 국가와 영토분쟁이 없는 유일한 국가이다. 따라서 교과서에는 영토문제에 대한 서술은 거의 없고 다른 국가의 영토 분쟁에 관해서도 언급을 피해 왔다. 다만 몽골의 역사적인 영토 인식에 대한 서술은 적지 않게 발견된다. 본고에서는 최근 10년간 사용된 교과서의 국경 및 영토 관련 내용을 검토했는데, 특히 유목국가의 영토에 대한 인식과 국경 형성의 역사적 과정을 서술하고 있는 점이 눈에 띈다. 몽골에서는 2005년부터 2010년까지 세 가지 계열의 몽골사 교과서가 사용되었고 이후에는 한 종류에만 발행되고 있다. 2005년부터 2010년까지 사용된 세 가지 몽골사 구 교과서와 현재 사용되고 있는 신 교과서 사이에는 국경 및 영토 관련 내용과 분량에 차이를 보인다. 구 교과서에서는 몽골의 영토 확장과 수복, 국경분쟁과 같은 내용들을 역사적 맥락 속에서 다룸으로써 영토에 대한 자각과 중요성을 강조하고 있다. 특히 전근대시기 국경과 영토에 대한 서술이 많은 점이 특징적이다. 이에 반해 2011년 이후 통일된 신 교과서에는 이전과 비교하여 국경 및 영토 서술 비중이 줄어들었다. 세계적으로 영토에 대한 관심과 그에 따른 분쟁도 다각적으로 발생하고 있다. 따라서 앞으로 몽골의 역사교과서에도 국경 및 영토에 대한 내용이 좀 더 확대되고 상세하게 다루어질 필요가 있다.문제중심학습"
외국유학생의 학교생활경험에 관한 질적사례연구-대학원과정 기혼 몽골유학생을 중심으로-,한수정,2016,"본 연구의 대상은 수도권 지역 대학의 대학원 과정을 수학 중인 몽골유학생 8명으로서 반구조화된 면담 질문지를 사용하였으며, 심층 면접을 시행하여 자료를 수집하였다. 연구결과, 몽골유학생들은 언어, 학업, 대인관계, 경제적, 심리적, 사회문화적인 여러 갈등을 경험하고 있었으나 대부분 한국생활에 어느 정도 익숙해져 있었으며, 학교의 교육환경에 대체로 만족하고 있음을 알 수 있었다. 그리고 대학원과정의 학업수행과 한국어 능력 역량의 중요성을 인지하고 있었으며, 한국인 학습 멘토링과 교제모임, 교육내용 보완 및 지원 등의 필요성이 확인되었다. 또한, 유학생 스스로 장학금 및 경제생활을 위한 해결 방법을 모색하고 있었으며, 학업 및 양육 병행의 어려움을 극복하기 위해 노력하고 있음을 확인하였다. 다수의 학생들은 대학원 학위 이수 후 귀향하여 전공 관련 교육기관으로의 취업을 희망하였고, 모국에서의 사회적 지위 향상과 더불어 가족과 함께 생활하면서 더 나은 삶을 영위할 수 있기를 기대하고 있음을 확인할 수 있었다.문제중심학습"
전환기의 몽골 교육발전을 위한 교육재정확보 방안,"한유경, 김영철, 이성규, 박은실",1999,"몽골은 러시아에 이어 세계에서 두 번째로 사회주의 체제를 채택한 나라이며, 몽골의 사회체제는 정치, 경제, 사회, 교육 등 여러 측면에서 러시아의 영향을 많이 받았다. 1992년 이후 사회주의 경제체제에서 자유시장 경제체제로 전환하면서 몽골은 이행기 경제관리의 어려움과 러시아 및 기타 원조 국가들로부터의 원조 감소로 심각한 경제적 불안정을 겪었다. 이후 광범위한 경제 개혁 정책을 추진하면서 1994년 이후 서서히 경제 회복을 보이고 있으나 여전히 경제적으로 여러운 상황에 처해 있다. 이러한 국가 경제사정의 악화로 국가의 교육재정 부담 능력이 매우 약화되어 있으며 지역간 교육비 격차의 심화, 지출 항목간 불균형, 교수자료, 기반 시설·설비의 부족 등 교육재정과 관련된 문제들이 산적해 있다. 이러한 교육재정의 문제들을 해결하기 위해서는 교육재정 부담 주체의 다원화, 재정 운영의 효율화 등을 실현할 수 있는 교육재정 관련 개선책이 절실히 필요하다. 이에 교육재원을 부담하는 주체를 지방, 민간, 교육수요자 등으로 다원화하고 각종 교육사업을 민영화하며, 효율화하는 방향에서 재원확보방안을 구안하였다. 구체적인 방안으로는 지방정부의 교육재정 투자 제고, 민간의 기부 및 참여 확대, 단위학교 운영비 절감, 산학 활동 교육을 통한 중등 기술 교육의 강화, 취약계층을 위한 지역교육 지원센터 설립, 외국 원조 교육 프로그램의 확대 등이 그것이다. 몽골의 국가적 맥락에 맞게 이러한 방안들을 활용함으로써 몽골의 교육발전을 기대할 수 있을 것이다.문제중심학습"
,,,
몽골인 한국어 학습자의 처·여격 조사 사용에 대한 대조언어학적 분석 및 교육 방안 연구,강남욱,2010,"본 연구의 목적은 대조 분석을 통해 한국어과 몽골어의 처격과 여격 조사를 분석하고, 동일한 L1 배경 학습자에게 문법을 가르치는 교육학적인 의미도 찾아내는 것이다. 이를 위해 본 논문은 두 언어의 처격과 여격 조사의 의미 대응 목록을 제안하였으며, 몽골어와 한국어 간의 강한 유사성을 보여주었다. 몽골 KFL 학습자의 사례 오류 분석 역시 대조적인 연구 결과를 바탕으로 몽골 KFL 학습자에 대한 구체적인 치료가 필요하다는 것을 입증했다. 일반적인 접근 방식보다 몽골 학생들을 위한 한국어 수업의 효과를 높이고, 불필요한 과도한 입력은 제공하지 않는다. 결론적으로, 한국어 처격 및 여격 조사의 교육 방안을 제안한다.문제중심학습"
몽골인 한국어 학습자를 위한 부사격조사 교수일학습 방안 연구 -한 ? 몽 비문를 중심으로-,엥흐졸,2006,이 연구는 학습자의 목표언어(L2)인 한국어와 모국어(L1)인 몽골어의 부사격조사 대조 분석을 통해 한국어와 몽골어의 부사격조사 공통점과 차이점을 밝혔다. 이것은 우언어 문법 체계 및 학습자들의 문법 오류의 원인을 이해하는 데 도움을 준다. 다음에는 울란바타르대학교 2학년 학생 30명을 대상으로 실시한 시험 자료를 근거로 학습자들의 부사격조사 오류를 제일 많이 범한 것들을 분석해 보았다. 끝으로 한국어 교육에서 몽골인 학습자를 위한 부사격조사 교수일학습 방안을 제시하고자 한다. 다른 외국어 교육과 마찬가지로 몽골에서의 한국어 교육 시 문법 교육의 비중이 크다고 할 수 있다. 따라서 한국어처럼 조사와 어미가 발달한 언어에 있어서 문법 교육의 필요성은 더욱 커진다. 앞으로 이러한 문법 교육 내용을 활용한 각종 교수일학습 방법들이 개발됨으로써 학습자들의 의사소통 능력을 신장시키는 데 기여하기를 기대한다.문제중심학습
